年月日,お引出し,お預入れ,お取り扱い内容,残高,メモ,ラベル
2025/12/22,,50000,"振込　ｸﾞｴﾝ ﾎｱﾝ ﾍﾞﾄ ｶｲﾝ",2008165,"",
2025/12/22,,155000,"振込　ｸﾞｴﾝ ﾎｱﾝ ﾍﾞﾄ ｶｲﾝ",1958165,"",
2025/12/20,,120000,"振込　ｸﾞｴﾝ ﾎｱﾝﾍﾞﾄｶｲﾝ",1803165,"",
2025/12/18,,100799,"振込　ｶ)SBIｼﾖｳｹﾝ",1683165,"",
2025/12/16,,190000,"振込　ｸﾞｴﾝﾎｱﾝﾍﾞﾄ ｶｲﾝ",1582366,"",
2025/12/16,,101000,"振込　ｸﾞｴﾝﾎｱﾝﾍﾞﾄ ｶｲﾝ",1392366,"",
2025/12/16,,6900,"振込　ｺｳｼｷｻｲﾄﾀｶﾗｸｼﾞﾄｳｾﾝｷﾝ",1291366,"",
2025/12/12,,5000,"振込　ｶ)ﾘﾝｸｵﾌﾞｱｼﾞｱ",1284466,"",
2025/12/12,,100000,"振込　ｸﾞｴﾝ ﾎｱﾝﾍﾞﾄｶｲﾝ",1279466,"",
2025/12/10,139791,,"ﾐﾂｲｽﾐﾄﾓｶ-ﾄﾞ (ｶ",1179466,"",
2025/12/10,,30000,"振込　ｺｼｶﾞﾔｼｺﾄﾞﾓﾌｸｼｶ",1319257,"",
2025/12/8,370,,"PE ｺｼｶﾞﾔｾﾞｲﾑｼﾖ",1289257,"",
2025/12/8,66500,,"パソコン振込 ﾄｸﾋ)ｼｷｻｲﾐﾗｲ ｷﾂｽﾞﾊｳｽｸﾚﾖﾝ",1289627,"",
2025/12/6,,170000,"振込　ｸﾞｴﾝﾎｱﾝﾍﾞﾄ ｶｲﾝ",1356127,"",
2025/12/3,,500000,"振込　ｸﾞｴﾝﾎｱﾝﾍﾞﾄ ｶｲﾝ",1186127,"",
2025/12/2,,400000,"振込　ｳﾞ- ｳﾞｱﾝ ﾀﾝ",686127,"",
2025/12/2,47200,,"ﾒﾙﾍﾟｲ",286127,"",
2025/11/28,5000,,"ﾒﾙﾍﾟｲ",333327,"",
2025/11/27,758962,,"PAYPAYｶ-ﾄﾞ",338327,"",
2025/11/27,370,,"PE ｺｼｶﾞﾔｾﾞｲﾑｼﾖ",1097289,"",
2025/11/27,370,,"PE ｺｼｶﾞﾔｾﾞｲﾑｼﾖ",1097659,"",
2025/11/27,370,,"PE ｺｼｶﾞﾔｾﾞｲﾑｼﾖ",1098029,"",
2025/11/27,370,,"PE ｺｼｶﾞﾔｾﾞｲﾑｼﾖ",1098399,"",
2025/11/27,,300000,"振込　ｸﾞｴﾝﾎｱﾝﾍﾞﾄ ｶｲﾝ",1098769,"",
2025/11/27,,50000,"CT ｸﾞｴﾝﾎｱﾝﾍﾞﾄ ｶｲﾝ",798769,"",
2025/11/27,198359,,"ﾗｸﾃﾝｶ-ﾄﾞｻ-ﾋﾞｽ",748769,"",
2025/11/27,20562,,"DF.ﾍﾟｲﾃﾞｲ-",947128,"",
2025/11/26,,70000,"振込　ｸﾞｴﾝ ﾎｱﾝ ﾍﾞﾄ ｶｲﾝ",967690,"",
2025/11/26,,213888,"振込　ｸﾞｴﾝ ﾎｱﾝﾍﾞﾄｶｲﾝ",897690,"",
2025/11/26,,300000,"振込　ｸﾞｴﾝﾎｱﾝﾍﾞﾄ ｶｲﾝ",683802,"",
2025/11/26,23000,,"ｺｸﾐﾝﾈﾝｷﾝｷｷﾝﾚﾝｺﾞｳｶｲ(ｶ",383802,"",
2025/11/26,23650,,"ﾐﾂｲｽﾐﾄﾓｶ-ﾄﾞ (ｶ",406802,"",
2025/11/26,24852,,"ﾐﾂｲｽﾐﾄﾓｶ-ﾄﾞ (ｶ",430452,"",
2025/11/25,500000,,"パソコン振込 ｳﾞ- ｳﾞｱﾝ ﾀﾝ",455304,"",
2025/11/25,,300000,"振込　ｸﾞｴﾝ ﾎｱﾝﾍﾞﾄｶｲﾝ",955304,"",
2025/11/20,,80989,"振込　ｶ)SBIｼﾖｳｹﾝ",655304,"",
2025/11/19,,20560,"振込　ｶ)SBIｼﾖｳｹﾝ",574315,"",
2025/11/16,,300000,"振込　ｸﾞｴﾝ ﾎｱﾝ ﾍﾞﾄ ｶｲﾝ",553755,"",
2025/11/15,,250000,"振込　ｸﾞｴﾝ ﾁﾔﾝ ｳﾞｲｴﾄ ﾁﾝ",253755,"",
2025/11/14,108000,,"パソコン振込 ｶ)ｶﾒﾘｴ",3755,"",
2025/11/14,,100000,"振込サービス　ｶ)ﾒﾙﾍﾟｲ",111755,"",
2025/11/14,1031,,"ﾒﾙﾍﾟｲ",11755,"",
2025/11/10,66500,,"パソコン振込 ﾄｸﾋ)ｼｷｻｲﾐﾗｲ ｷﾂｽﾞﾊｳｽｸﾚﾖﾝ",12786,"",
2025/11/10,143994,,"ﾐﾂｲｽﾐﾄﾓｶ-ﾄﾞ (ｶ",79286,"",
2025/11/7,1000,,"ﾒﾙﾍﾟｲ",223280,"",
2025/11/7,50000,,"ﾒﾙﾍﾟｲ",224280,"",
2025/11/7,,100000,"振込　ｸﾞｴﾝ ﾎｱﾝﾍﾞﾄｶｲﾝ",274280,"",
2025/11/6,,1000,"CT ｸﾞｴﾝﾎｱﾝﾍﾞﾄ ｶｲﾝ",174280,"",
2025/11/4,,82517,"振込　ｶ)SBIｼﾖｳｹﾝ",173280,"",
2025/11/2,13977,,"ﾒﾙﾍﾟｲ",90763,"",
2025/11/1,280000,,"パソコン振込 ｸﾞｴﾝ ﾎｱﾝ ﾍﾞﾄ ｶｲﾝ",104740,"",
2025/11/1,,350000,"振込　ｳﾞ- ｳﾞｱﾝ ﾀﾝ",384740,"",
2025/10/31,,12500,"振込　ｸﾞｴﾝ ﾀｲ ｼﾞﾕｲ",34740,"",
2025/10/31,220,,"カード手数料",22240,"",
2025/10/31,16000,,"カード　ENET176690",22460,"",
2025/10/31,123750,,"ﾒﾙﾍﾟｲ",38460,"",
2025/10/31,,100000,"振込　ﾍﾟｲﾍﾟｲｶ-ﾄﾞ(ｶ",162210,"",
2025/10/31,,20580,"振込　ｶ)SBIｼﾖｳｹﾝ",62210,"",
2025/10/31,20563,,"DF.ﾍﾟｲﾃﾞｲ-",41630,"",
2025/10/28,,31347,"振込　ﾊﾞｲﾅﾝｽｼﾞﾔﾊﾟﾝ(ｶ",62193,"",
2025/10/27,797787,,"PAYPAYｶ-ﾄﾞ",30846,"",
2025/10/27,222338,,"ﾗｸﾃﾝｶ-ﾄﾞｻ-ﾋﾞｽ",828633,"",
2025/10/27,23000,,"ｺｸﾐﾝﾈﾝｷﾝｷｷﾝﾚﾝｺﾞｳｶｲ(ｶ",1050971,"",
2025/10/27,76047,,"ﾐﾂｲｽﾐﾄﾓｶ-ﾄﾞ (ｶ",1073971,"",
2025/10/27,21982,,"ﾐﾂｲｽﾐﾄﾓｶ-ﾄﾞ (ｶ",1150018,"",
2025/10/25,,190000,"振込　ｸﾞｴﾝ ﾎｱﾝ ﾍﾞﾄ ｶｲﾝ",1172000,"",
2025/10/24,,80000,"振込　ｸﾞｴﾝ ﾎｱﾝ ﾍﾞﾄ ｶｲﾝ",982000,"",
2025/10/24,,500000,"振込　ｸﾞｴﾝ ﾎｱﾝﾍﾞﾄｶｲﾝ",902000,"",
2025/10/24,,92000,"振込　ｸﾞｴﾝ ﾎｱﾝﾍﾞﾄｶｲﾝ",402000,"",
2025/10/22,30000,,"パソコン振込 ｸﾞｴﾝ ﾎｱﾝ ﾍﾞﾄ ｶｲﾝ",310000,"",
2025/10/20,,110000,"振込　ｸﾞｴﾝ ﾎｱﾝ ﾍﾞﾄ ｶｲﾝ",340000,"",
2025/10/13,,10000,"振込　ｸﾞｴﾝ ﾎｱﾝﾍﾞﾄｶｲﾝ",230000,"",
2025/10/10,32960,,"パソコン振込 ｸﾞｴﾝ ﾎｱﾝ ﾍﾞﾄ ｶｲﾝ",220000,"",
2025/10/10,,102000,"振込　ｸﾞｴﾝ ﾎｱﾝﾍﾞﾄｶｲﾝ",252960,"",
2025/10/10,,104322,"振込　ｶ)SBIｼﾖｳｹﾝ",150960,"",
2025/10/10,142320,,"ﾐﾂｲｽﾐﾄﾓｶ-ﾄﾞ (ｶ",46638,"",
2025/10/10,,30000,"振込　ｺｼｶﾞﾔｼｺﾄﾞﾓﾌｸｼｶ",188958,"",
2025/10/9,30000,,"パソコン振込 ｸﾞｴﾝﾎｱﾝﾍﾞﾄ ｶｲﾝ",158958,"",
2025/10/9,,150000,"振込　ｸﾞｴﾝ ﾃｲ ﾊ-",188958,"",
2025/10/7,66500,,"パソコン振込 ﾄｸﾋ)ｼｷｻｲﾐﾗｲ ｷﾂｽﾞﾊｳｽｸﾚﾖﾝ",38958,"",
2025/10/1,,50000,"振込　ｳﾞ- ｳﾞｱﾝ ﾀﾝ",105458,"",
2025/9/30,,50000,"振込　ｳﾞ- ｳﾞｱﾝ ﾀﾝ",55458,"",
2025/9/29,190000,,"パソコン振込 ｸﾞｴﾝ ﾎｱﾝ ﾍﾞﾄ ｶｲﾝ",5458,"",
2025/9/29,,52710,"振込　ﾊﾞｲﾅﾝｽｼﾞﾔﾊﾟﾝ(ｶ",195458,"",
2025/9/29,,10000,"振込　ｸﾞｴﾝ ﾎｱﾝﾍﾞﾄｶｲﾝ",142748,"",
2025/9/29,377979,,"PAYPAYｶ-ﾄﾞ",132748,"",
2025/9/29,149579,,"ﾗｸﾃﾝｶ-ﾄﾞｻ-ﾋﾞｽ",510727,"",
2025/9/29,20562,,"DF.ﾍﾟｲﾃﾞｲ-",660306,"",
2025/9/28,5000,,"ﾒﾙﾍﾟｲ",680868,"",
2025/9/26,,61000,"振込　ｸﾞｴﾝ ﾎｱﾝﾍﾞﾄｶｲﾝ",685868,"",
2025/9/26,,270000,"振込　ｸﾞｴﾝ ﾎｱﾝ ﾍﾞﾄ ｶｲﾝ",624868,"",
2025/9/26,23000,,"ｺｸﾐﾝﾈﾝｷﾝｷｷﾝﾚﾝｺﾞｳｶｲ(ｶ",354868,"",
2025/9/26,77019,,"ﾐﾂｲｽﾐﾄﾓｶ-ﾄﾞ (ｶ",377868,"",
2025/9/26,19751,,"ﾐﾂｲｽﾐﾄﾓｶ-ﾄﾞ (ｶ",454887,"",
2025/9/25,,52000,"振込　ｸﾞｴﾝ ﾎｱﾝﾍﾞﾄｶｲﾝ",474638,"",
2025/9/25,,300000,"振込　ｸﾞｴﾝ ﾎｱﾝ ﾍﾞﾄ ｶｲﾝ",422638,"",
2025/9/25,,44000,"振込　ｸﾞｴﾝ ﾎｱﾝﾍﾞﾄｶｲﾝ",122638,"",
2025/9/23,100000,,"パソコン振込 ﾀﾞﾝ ﾌｵｳﾝ ﾘﾝ",78638,"",
2025/9/23,,178000,"振込　ﾎｱﾝﾊｲ(ﾄﾞ",178638,"",
2025/9/23,220,,"カード手数料",638,"",
2025/9/23,4000,,"カード　ｲｵﾝ",858,"",
2025/9/23,4000,,"パソコン振込 ｸﾞｴﾝ ﾎｱﾝ ﾍﾞﾄ ｶｲﾝ",4858,"",
2025/9/16,7550,,"パソコン振込 ﾀﾞﾝ ﾌｵｳﾝ ﾘﾝ",8858,"",
2025/9/14,46000,,"パソコン振込 ｸﾞｴﾝ ﾀｲ ｼﾞﾕｲ",16408,"",
2025/9/14,,26570,"振込　ﾊﾞｲﾅﾝｽｼﾞﾔﾊﾟﾝ(ｶ",62408,"",
2025/9/12,,17160,"振込　ﾊﾞｲﾅﾝｽｼﾞﾔﾊﾟﾝ(ｶ",35838,"",
2025/9/11,,12551,"振込　ﾊﾞｲﾅﾝｽｼﾞﾔﾊﾟﾝ(ｶ",18678,"",
2025/9/10,48753,,"ﾒﾙﾍﾟｲ",6127,"",
2025/9/10,118137,,"ﾐﾂｲｽﾐﾄﾓｶ-ﾄﾞ (ｶ",54880,"",
2025/9/7,1000,,"ﾒﾙﾍﾟｲ",173017,"",
2025/9/7,66500,,"パソコン振込 ﾄｸﾋ)ｼｷｻｲﾐﾗｲ ｷﾂｽﾞﾊｳｽｸﾚﾖﾝ",174017,"",
2025/9/2,30000,,"パソコン振込 ｸﾞｴﾝﾎｱﾝﾍﾞﾄ ｶｲﾝ",240517,"",
2025/9/1,14898,,"ﾒﾙﾍﾟｲ",270517,"",
2025/8/29,250000,,"パソコン振込 ｸﾞｴﾝ ﾎｱﾝ ﾍﾞﾄ ｶｲﾝ",285415,"",
2025/8/29,,500000,"振込　ｳﾞ- ｳﾞｱﾝ ﾀﾝ",535415,"",
2025/8/27,657068,,"ﾍﾟｲﾍﾟｲｶ-ﾄﾞ",35415,"",
2025/8/27,172640,,"ﾗｸﾃﾝｶ-ﾄﾞｻ-ﾋﾞｽ",692483,"",
2025/8/27,20562,,"DF.ﾍﾟｲﾃﾞｲ-",865123,"",
2025/8/26,2000,,"パソコン振込 ｸﾞｴﾝ ﾎｱﾝ ﾍﾞﾄ ｶｲﾝ",885685,"",
2025/8/26,,81152,"振込　ｸﾞｴﾝ ﾎｱﾝﾍﾞﾄｶｲﾝ",887685,"",
2025/8/26,40000,,"ﾍﾟｲﾍﾟｲ",806533,"",
2025/8/26,,150000,"振込　ｸﾞｴﾝ ﾃｲ ﾊ-",846533,"",
2025/8/26,,280000,"振込　ｸﾞｴﾝ ﾎｱﾝ ﾍﾞﾄ ｶｲﾝ",696533,"",
2025/8/26,23000,,"ｺｸﾐﾝﾈﾝｷﾝｷｷﾝﾚﾝｺﾞｳｶｲ(ｶ",416533,"",
2025/8/26,35039,,"ﾐﾂｲｽﾐﾄﾓｶ-ﾄﾞ (ｶ",439533,"",
2025/8/26,14054,,"ﾐﾂｲｽﾐﾄﾓｶ-ﾄﾞ (ｶ",474572,"",
2025/8/25,,300000,"振込　ｸﾞｴﾝ ﾎｱﾝ ﾍﾞﾄ ｶｲﾝ",488626,"",
2025/8/25,,103807,"振込　ｶ)SBIｼﾖｳｹﾝ",188626,"",
2025/8/23,20000,,"パソコン振込 ｸﾞｴﾝ ﾃｲ ﾊ-",84819,"",
2025/8/19,,54979,"振込　ﾒﾙﾍﾟｲ(ﾒﾙｶﾘ",104819,"",
2025/8/18,26588,,"パソコン振込 ﾕﾆｼﾃｲ ｼﾞﾔﾊﾟﾝ (ｶ",49840,"",
2025/8/18,,60000,"振込　ｸﾞｴﾝ ﾎｱﾝ ﾍﾞﾄ ｶｲﾝ",76428,"",
2025/8/18,,682,"普通預金利息",16428,"",
2025/8/14,1000,,"ﾒﾙﾍﾟｲ",15746,"",
2025/8/12,3000,,"ﾍﾟｲﾍﾟｲ",16746,"",
2025/8/12,122249,,"ﾐﾂｲｽﾐﾄﾓｶ-ﾄﾞ (ｶ",19746,"",
2025/8/11,100000,,"パソコン振込 ｸﾞｴﾝ ﾃｲ ﾊ-",141995,"",
2025/8/8,66500,,"パソコン振込 ﾄｸﾋ)ｼｷｻｲﾐﾗｲ ｷﾂｽﾞﾊｳｽｸﾚﾖﾝ",241995,"",
2025/8/8,,83441,"振込　ｶ)SBIｼﾖｳｹﾝ",308495,"",
2025/8/8,,30000,"振込　ｺｼｶﾞﾔｼｺﾄﾞﾓﾌｸｼｶ",225054,"",
2025/8/7,1000,,"ﾒﾙﾍﾟｲ",195054,"",
2025/8/7,,99320,"振込　ｸﾞｴﾝ ﾎｱﾝﾍﾞﾄｶｲﾝ",196054,"",
2025/8/6,,42245,"振込　ｶ)SBIｼﾖｳｹﾝ",96734,"",
2025/8/5,49819,,"ﾒﾙﾍﾟｲ",54489,"",
2025/8/4,80000,,"パソコン振込 ｸﾞｴﾝﾎｱﾝﾍﾞﾄ ｶｲﾝ",104308,"",
2025/8/2,60000,,"ﾍﾟｲﾍﾟｲ",184308,"",
2025/8/1,60000,,"パソコン振込 ｸﾞｴﾝﾎｱﾝﾍﾞﾄ ｶｲﾝ",244308,"",
2025/8/1,,300000,"振込　ｶ)ｲﾝｸﾞ",304308,"",
2025/8/1,5862,,"ﾒﾙﾍﾟｲ",4308,"",
2025/7/31,208000,,"パソコン振込 ｸﾞｴﾝ ﾎｱﾝ ﾍﾞﾄ ｶｲﾝ",10170,"",
2025/7/31,,130000,"振込　ｸﾞｴﾝ ﾃｲ ﾊ-",218170,"",
2025/7/31,,1000,"振込　ｸﾞｴﾝ ﾎｱﾝ ﾍﾞﾄ ｶｲﾝ",88170,"",
2025/7/31,,1000,"振込　ｶ)ﾘﾝｸｵﾌﾞｱｼﾞｱ",87170,"",
2025/7/28,5000,,"ﾒﾙﾍﾟｲ",86170,"",
2025/7/28,583007,,"ﾍﾟｲﾍﾟｲｶ-ﾄﾞ",91170,"",
2025/7/28,163452,,"ﾗｸﾃﾝｶ-ﾄﾞｻ-ﾋﾞｽ",674177,"",
2025/7/28,20562,,"DF.ﾍﾟｲﾃﾞｲ-",837629,"",
2025/7/28,23000,,"ｺｸﾐﾝﾈﾝｷﾝｷｷﾝﾚﾝｺﾞｳｶｲ(ｶ",858191,"",
2025/7/28,104033,,"ﾐﾂｲｽﾐﾄﾓｶ-ﾄﾞ (ｶ",881191,"",
2025/7/28,15121,,"ﾐﾂｲｽﾐﾄﾓｶ-ﾄﾞ (ｶ",985224,"",
2025/7/27,,150000,"振込　ｸﾞｴﾝ ﾃｲ ﾊ-",1000345,"",
2025/7/25,,30000,"振込　ｸﾞｴﾝ ﾎｱﾝ ﾍﾞﾄ ｶｲﾝ",850345,"",
2025/7/25,,550000,"振込　ｸﾞｴﾝ ﾎｱﾝﾍﾞﾄｶｲﾝ",820345,"",
2025/7/22,,40000,"振込　ｸﾞｴﾝ ﾎｱﾝﾍﾞﾄｶｲﾝ",270345,"",
2025/7/21,,8000,"振込　ｸﾞｴﾝ ﾎｱﾝﾍﾞﾄｶｲﾝ",230345,"",
2025/7/16,,55000,"振込　ｸﾞｴﾝ ﾎｱﾝ ﾍﾞﾄ ｶｲﾝ",222345,"",
2025/7/15,,5000,"振込　ｶ)ﾘﾝｸｵﾌﾞｱｼﾞｱ",167345,"",
2025/7/15,,40000,"振込　ｸﾞｴﾝ ﾎｱﾝﾍﾞﾄｶｲﾝ",162345,"",
2025/7/11,50000,,"ﾒﾙﾍﾟｲ",122345,"",
2025/7/10,,69000,"振込　ｸﾞｴﾝ ﾎｱﾝﾍﾞﾄｶｲﾝ",172345,"",
2025/7/10,188193,,"ﾐﾂｲｽﾐﾄﾓｶ-ﾄﾞ (ｶ",103345,"",
2025/7/9,66500,,"パソコン振込 ﾄｸﾋ)ｼｷｻｲﾐﾗｲ ｷﾂｽﾞﾊｳｽｸﾚﾖﾝ",291538,"",
2025/7/7,3000,,"ﾍﾟｲﾍﾟｲ",358038,"",
2025/7/7,1000,,"ﾒﾙﾍﾟｲ",361038,"",
2025/7/1,30000,,"パソコン振込 ｸﾞｴﾝ ﾃｲ ﾊ-",362038,"",
2025/7/1,18452,,"ﾒﾙﾍﾟｲ",392038,"",
2025/6/30,,390000,"振込　ｶ)ｲﾝｸﾞ",410490,"",
2025/6/30,200000,,"パソコン振込 ｸﾞｴﾝ ﾎｱﾝ ﾍﾞﾄ ｶｲﾝ",20490,"",
2025/6/28,5000,,"ﾒﾙﾍﾟｲ",220490,"",
2025/6/27,4291238,,"ﾍﾟｲﾍﾟｲｶ-ﾄﾞ",225490,"",
2025/6/27,261999,,"ﾗｸﾃﾝｶ-ﾄﾞｻ-ﾋﾞｽ",4516728,"",
2025/6/27,23770,,"DF.ﾍﾟｲﾃﾞｲ-",4778727,"",
2025/6/26,,280000,"振込　ｸﾞｴﾝ ﾎｱﾝﾍﾞﾄｶｲﾝ",4802497,"",
2025/6/26,23000,,"ｺｸﾐﾝﾈﾝｷﾝｷｷﾝﾚﾝｺﾞｳｶｲ(ｶ",4522497,"",
2025/6/26,86436,,"ﾐﾂｲｽﾐﾄﾓｶ-ﾄﾞ (ｶ",4545497,"",
2025/6/26,24073,,"ﾐﾂｲｽﾐﾄﾓｶ-ﾄﾞ (ｶ",4631933,"",
2025/6/26,4290,,"ﾐﾂｲｽﾐﾄﾓｶ-ﾄﾞ (ｶ",4656006,"",
2025/6/25,,250000,"振込　ｸﾞｴﾝ ﾃｲ ﾊ-",4660296,"",
2025/6/25,,280000,"振込　ｸﾞｴﾝ ﾎｱﾝﾍﾞﾄｶｲﾝ",4410296,"",
2025/6/25,,300000,"振込　ｸﾞｴﾝ ﾎｱﾝ ﾍﾞﾄ ｶｲﾝ",4130296,"",
2025/6/25,,180000,"振込　ｸﾞｴﾝ ﾎｱﾝﾍﾞﾄｶｲﾝ",3830296,"",
2025/6/25,,20747,"振込　ｸﾞｴﾝ ﾎｱﾝﾍﾞﾄｶｲﾝ",3650296,"",
2025/6/23,,81096,"振込　ｶ)SBIｼﾖｳｹﾝ",3629549,"",
2025/6/19,90000,,"パソコン振込 ｶ)ﾃﾞｼﾞﾀﾙﾜﾚﾂﾄ",3548453,"",
2025/6/19,,200000,"振込　ｶ)ﾒﾙﾍﾟｲ",3638453,"",
2025/6/19,1139,,"ﾒﾙﾍﾟｲ",3438453,"",
2025/6/18,,150000,"振込　ｸﾞｴﾝﾎｱﾝﾍﾞﾄ ｶｲﾝ",3439592,"",
2025/6/16,,60000,"振込　ｸﾞｴﾝ ﾎｱﾝ ﾍﾞﾄ ｶｲﾝ",3289592,"",
2025/6/14,10000,,"ﾍﾟｲﾍﾟｲ",3229592,"",
2025/6/14,,70621,"振込　ｸﾞｴﾝ ﾎｱﾝﾍﾞﾄｶｲﾝ",3239592,"",
2025/6/13,26000,,"ﾍﾟｲﾍﾟｲ",3168971,"",
2025/6/12,12067,,"パソコン振込 ｸﾞｴﾝ ｶｸ ﾎｱﾝ",3194971,"",
2025/6/11,37061,,"ﾒﾙﾍﾟｲ",3207038,"",
2025/6/10,,150000,"振込　ｸﾞｴﾝ ﾎｱﾝ ﾍﾞﾄ ｶｲﾝ",3244099,"",
2025/6/10,189348,,"ﾐﾂｲｽﾐﾄﾓｶ-ﾄﾞ (ｶ",3094099,"",
2025/6/10,550,,"ﾐﾂｲｽﾐﾄﾓｶ-ﾄﾞ (ｶ",3283447,"",
2025/6/10,,30000,"振込　ｺｼｶﾞﾔｼｺﾄﾞﾓﾌｸｼｶ",3283997,"",
2025/6/9,66500,,"パソコン振込 ﾄｸﾋ)ｼｷｻｲﾐﾗｲ ｷﾂｽﾞﾊｳｽｸﾚﾖﾝ",3253997,"",
2025/6/9,,300000,"振込　ｸﾞｴﾝ ﾎｱﾝ ﾍﾞﾄ ｶｲﾝ",3320497,"",
2025/6/8,,300000,"振込　ｸﾞｴﾝ ﾎｱﾝ ﾍﾞﾄ ｶｲﾝ",3020497,"",
2025/6/7,,300000,"振込　ｸﾞｴﾝ ﾎｱﾝ ﾍﾞﾄ ｶｲﾝ",2720497,"",
2025/6/6,,300000,"振込　ｸﾞｴﾝ ﾎｱﾝ ﾍﾞﾄ ｶｲﾝ",2420497,"",
2025/6/5,,500000,"振込　ｸﾞｴﾝ ﾎｱﾝﾍﾞﾄｶｲﾝ",2120497,"",
2025/6/4,,300000,"振込　ｸﾞｴﾝ ﾎｱﾝ ﾍﾞﾄ ｶｲﾝ",1620497,"",
2025/6/3,,500000,"振込　ｸﾞｴﾝ ﾎｱﾝﾍﾞﾄｶｲﾝ",1320497,"",
2025/6/3,,300000,"振込　ｸﾞｴﾝ ﾎｱﾝ ﾍﾞﾄ ｶｲﾝ",820497,"",
2025/6/1,50530,,"ﾒﾙﾍﾟｲ",520497,"",
2025/5/30,,543750,"振込　ｶ)ｲﾝｸﾞ",571027,"",
2025/5/29,20000,,"パソコン振込 ﾑ-ﾑ-ｼﾖｳｹﾝ (ｶ",27277,"",
2025/5/28,,20000,"振込　ｸﾞｴﾝ ﾎｱﾝ ﾍﾞﾄ ｶｲﾝ",47277,"",
2025/5/28,5000,,"ﾒﾙﾍﾟｲ",27277,"",
2025/5/27,8411,,"ﾍﾟｲﾍﾟｲｶ-ﾄﾞ",32277,"",
2025/5/27,1385410,,"ﾍﾟｲﾍﾟｲｶ-ﾄﾞ",40688,"",
2025/5/27,78732,,"ﾗｸﾃﾝｶ-ﾄﾞｻ-ﾋﾞｽ",1426098,"",
2025/5/27,29180,,"DF.ﾍﾟｲﾃﾞｲ-",1504830,"",
2025/5/26,,80000,"振込　ｸﾞｴﾝ ﾎｱﾝﾍﾞﾄｶｲﾝ",1534010,"",
2025/5/26,23000,,"ｺｸﾐﾝﾈﾝｷﾝｷｷﾝﾚﾝｺﾞｳｶｲ(ｶ",1454010,"",
2025/5/26,20649,,"ﾐﾂｲｽﾐﾄﾓｶ-ﾄﾞ (ｶ",1477010,"",
2025/5/26,3949,,"ﾐﾂｲｽﾐﾄﾓｶ-ﾄﾞ (ｶ",1497659,"",
2025/5/23,,350000,"振込　ｸﾞｴﾝ ﾃｲ ﾊ-",1501608,"",
2025/5/23,,300000,"振込　ｸﾞｴﾝ ﾎｱﾝ ﾍﾞﾄ ｶｲﾝ",1151608,"",
2025/5/22,10000,,"パソコン振込 ﾑ-ﾑ-ｼﾖｳｹﾝ (ｶ",851608,"",
2025/5/22,,18415,"振込　ﾊﾞｲﾅﾝｽｼﾞﾔﾊﾟﾝ(ｶ",861608,"",
2025/5/20,,82476,"振込　ｼﾔ)ﾍﾞﾄﾅﾐ-ｽﾞﾌﾟﾛﾌｴﾂｼﾖﾅﾙｽﾞｲﾝｼﾞﾔﾊﾟﾝ",843193,"",
2025/5/19,,54550,"振込　ｸﾞｴﾝ ﾎｱﾝﾍﾞﾄｶｲﾝ",760717,"",
2025/5/18,330,,"カード手数料",706167,"",
2025/5/18,9000,,"カード　ｾﾌﾞﾝBK018G",706497,"",
2025/5/17,,30000,"振込　ｸﾞｴﾝ ﾎｱﾝ ﾍﾞﾄ ｶｲﾝ",715497,"",
2025/5/13,50000,,"パソコン振込 ｶ)ﾃﾞｼﾞﾀﾙﾜﾚﾂﾄ",685497,"",
2025/5/13,7580,,"パソコン振込 ﾄﾗﾝ ﾃｲ ﾀﾝ ﾋｴﾝ",735497,"",
2025/5/12,66500,,"パソコン振込 ﾄｸﾋ)ｼｷｻｲﾐﾗｲ ｷﾂｽﾞﾊｳｽｸﾚﾖﾝ",743077,"",
2025/5/12,406786,,"ﾐﾂｲｽﾐﾄﾓｶ-ﾄﾞ (ｶ",809577,"",
2025/5/12,550,,"ﾐﾂｲｽﾐﾄﾓｶ-ﾄﾞ (ｶ",1216363,"",
2025/5/11,83194,,"ﾒﾙﾍﾟｲ",1216913,"",
2025/5/9,30000,,"パソコン振込 ｸﾞｴﾝ ﾃｲ ﾊ-",1300107,"",
2025/5/9,3000,,"ﾍﾟｲﾍﾟｲ",1330107,"",
2025/5/7,121850,,"パソコン振込 ｶ)ﾜﾂﾌﾟ",1333107,"",
2025/5/7,1000,,"ﾒﾙﾍﾟｲ",1454957,"",
2025/5/6,,14700,"振込　ｸﾞｴﾝ ﾎｱﾝﾍﾞﾄｶｲﾝ",1455957,"",
2025/5/1,100000,,"ﾒﾙﾍﾟｲ",1441257,"",
2025/4/30,39332,,"パソコン振込 ﾕﾆｼﾃｲ ｼﾞﾔﾊﾟﾝ (ｶ",1541257,"",
2025/4/30,,15576,"振込　ｸﾞｴﾝ ﾎｱﾝﾍﾞﾄｶｲﾝ",1580589,"",
2025/4/30,10000,,"パソコン振込 ｸﾞｴﾝ ﾃｲ ﾊ-",1565013,"",
2025/4/30,220,,"カード手数料",1575013,"",
2025/4/30,43000,,"カード　ﾕｳﾁﾖ 036950",1575233,"",
2025/4/30,,633750,"振込　ｶ)ｲﾝｸﾞ",1618233,"",
2025/4/29,,20000,"振込　ｸﾞｴﾝ ﾎｱﾝ ﾍﾞﾄ ｶｲﾝ",984483,"",
2025/4/28,737652,,"ﾍﾟｲﾍﾟｲｶ-ﾄﾞ",964483,"",
2025/4/28,82284,,"ﾗｸﾃﾝｶ-ﾄﾞｻ-ﾋﾞｽ",1702135,"",
2025/4/28,48328,,"DF.ﾍﾟｲﾃﾞｲ-",1784419,"",
2025/4/28,23000,,"ｺｸﾐﾝﾈﾝｷﾝｷｷﾝﾚﾝｺﾞｳｶｲ(ｶ",1832747,"",
2025/4/28,17938,,"ﾐﾂｲｽﾐﾄﾓｶ-ﾄﾞ (ｶ",1855747,"",
2025/4/27,50000,,"パソコン振込 ｶ)ﾃﾞｼﾞﾀﾙﾜﾚﾂﾄ",1873685,"",
2025/4/26,,90000,"振込　ｸﾞｴﾝ ﾎｱﾝﾍﾞﾄｶｲﾝ",1923685,"",
2025/4/25,,500000,"振込　ｸﾞｴﾝ ﾎｱﾝﾍﾞﾄｶｲﾝ",1833685,"",
2025/4/24,3000,,"ﾍﾟｲﾍﾟｲ",1333685,"",
2025/4/21,5000,,"パソコン振込 ｸﾞｴﾝ ﾃｲ ﾊ-",1336685,"",
2025/4/16,,500000,"振込　ｸﾞｴﾝ ﾎｱﾝﾍﾞﾄｶｲﾝ",1341685,"",
2025/4/16,,300000,"振込　ｸﾞｴﾝ ﾎｱﾝ ﾍﾞﾄ ｶｲﾝ",841685,"",
2025/4/15,,300000,"振込　ｸﾞｴﾝ ﾎｱﾝ ﾍﾞﾄ ｶｲﾝ",541685,"",
2025/4/15,,230000,"振込　ﾒﾙﾍﾟｲ(ﾒﾙｶﾘ",241685,"",
2025/4/14,66500,,"パソコン振込 ﾄｸﾋ)ｼｷｻｲﾐﾗｲ ｷﾂｽﾞﾊｳｽｸﾚﾖﾝ",11685,"",
2025/4/13,,19000,"振込　ｸﾞｴﾝ ﾃｲ ﾊ-",78185,"",
2025/4/10,1000,,"ﾒﾙﾍﾟｲ",59185,"",
2025/4/10,10000,,"ﾍﾟｲﾍﾟｲ",60185,"",
2025/4/10,10000,,"パソコン振込 ｸﾞｴﾝﾎｱﾝﾍﾞﾄ ｶｲﾝ",70185,"",
2025/4/10,45650,,"ﾒﾙﾍﾟｲ",80185,"",
2025/4/10,263942,,"ﾐﾂｲｽﾐﾄﾓｶ-ﾄﾞ (ｶ",125835,"",
2025/4/10,550,,"ﾐﾂｲｽﾐﾄﾓｶ-ﾄﾞ (ｶ",389777,"",
2025/4/10,,30000,"振込　ｺｼｶﾞﾔｼｺﾄﾞﾓﾌｸｼｶ",390327,"",
2025/4/7,1000,,"ﾒﾙﾍﾟｲ",360327,"",
2025/4/6,,7000,"振込　ｸﾞｴﾝ ﾎｱﾝﾍﾞﾄｶｲﾝ",361327,"",
2025/4/5,,3000,"振込　ｸﾞｴﾝ ﾎｱﾝ ﾍﾞﾄ ｶｲﾝ",354327,"",
2025/3/31,1000,,"パソコン振込 ｸﾞｴﾝ ﾎｱﾝ ﾍﾞﾄ ｶｲﾝ",351327,"",
2025/3/31,200000,,"パソコン振込 ｸﾞｴﾝ ﾎｱﾝ ﾍﾞﾄ ｶｲﾝ",352327,"",
2025/3/31,,506250,"振込　ｶ)ｲﾝｸﾞ",552327,"",
2025/3/28,5000,,"ﾒﾙﾍﾟｲ",46077,"",
2025/3/28,118064,,"パソコン振込 ｶ)ﾃﾞｼﾞﾀﾙﾜﾚﾂﾄ",51077,"",
2025/3/27,791430,,"ﾍﾟｲﾍﾟｲｶ-ﾄﾞ",169141,"",
2025/3/27,98953,,"ﾗｸﾃﾝｶ-ﾄﾞｻ-ﾋﾞｽ",960571,"",
2025/3/27,48329,,"DF.ﾍﾟｲﾃﾞｲ-",1059524,"",
2025/3/26,,45000,"振込　ｸﾞｴﾝ ﾎｱﾝ ﾍﾞﾄ ｶｲﾝ",1107853,"",
2025/3/26,,300000,"振込　ｸﾞｴﾝ ﾃｲ ﾊ-",1062853,"",
2025/3/26,23000,,"ｺｸﾐﾝﾈﾝｷﾝｷｷﾝﾚﾝｺﾞｳｶｲ(ｶ",762853,"",
2025/3/26,29217,,"ﾐﾂｲｽﾐﾄﾓｶ-ﾄﾞ (ｶ",785853,"",
2025/3/26,11604,,"ﾐﾂｲｽﾐﾄﾓｶ-ﾄﾞ (ｶ",815070,"",
2025/3/25,,80000,"振込　ｸﾞｴﾝ ﾎｱﾝﾍﾞﾄｶｲﾝ",826674,"",
2025/3/25,,60000,"振込　ｸﾞｴﾝ ﾎｱﾝﾍﾞﾄｶｲﾝ",746674,"",
2025/3/25,,500000,"振込　ｸﾞｴﾝ ﾎｱﾝﾍﾞﾄｶｲﾝ",686674,"",
2025/3/24,1000,,"ﾍﾟｲﾍﾟｲ",186674,"",
2025/3/19,40000,,"パソコン振込 ｶ)ﾃﾞｼﾞﾀﾙﾜﾚﾂﾄ",187674,"",
2025/3/18,,60000,"振込　ｸﾞｴﾝ ﾎｱﾝﾍﾞﾄｶｲﾝ",227674,"",
2025/3/18,,42000,"振込　ｸﾞｴﾝ ﾎｱﾝﾍﾞﾄｶｲﾝ",167674,"",
2025/3/12,,58780,"振込　ｸﾞｴﾝ ﾎｱﾝ ﾍﾞﾄ ｶｲﾝ",125674,"",
2025/3/10,,39750,"振込　ﾒﾙﾍﾟｲ(ﾒﾙｶﾘ",66894,"",
2025/3/10,249011,,"ﾐﾂｲｽﾐﾄﾓｶ-ﾄﾞ (ｶ",27144,"",
2025/3/10,550,,"ﾐﾂｲｽﾐﾄﾓｶ-ﾄﾞ (ｶ",276155,"",
2025/3/7,1000,,"ﾒﾙﾍﾟｲ",276705,"",
2025/3/6,10000,,"DF.ｳｴﾙｽﾅﾋﾞ",277705,"",
2025/3/5,800,,"第２６９回　ＷＩＮＮＥＲサッカー１試合　SMBCｽﾎﾟｰﾂｸｼﾞ",287705,"",
2025/3/5,,10000,"振込　ｸﾞｴﾝ ﾎｱﾝﾍﾞﾄｶｲﾝ",288505,"",
2025/3/3,80000,,"ﾒﾙﾍﾟｲ",278505,"",
2025/2/28,60000,,"ﾍﾟｲﾍﾟｲ",358505,"",
2025/2/28,,405000,"振込　ｶ)ｲﾝｸﾞ",418505,"",
2025/2/28,135000,,"パソコン振込 ｸﾞｴﾝ ﾎｱﾝ ﾍﾞﾄ ｶｲﾝ",13505,"",
2025/2/27,945524,,"ﾍﾟｲﾍﾟｲｶ-ﾄﾞ",148505,"",
2025/2/27,113902,,"ﾗｸﾃﾝｶ-ﾄﾞｻ-ﾋﾞｽ",1094029,"",
2025/2/27,40216,,"DF.ﾍﾟｲﾃﾞｲ-",1207931,"",
2025/2/26,23000,,"ｺｸﾐﾝﾈﾝｷﾝｷｷﾝﾚﾝｺﾞｳｶｲ(ｶ",1248147,"",
2025/2/26,23051,,"ﾐﾂｲｽﾐﾄﾓｶ-ﾄﾞ (ｶ",1271147,"",
2025/2/26,417,,"ﾐﾂｲｽﾐﾄﾓｶ-ﾄﾞ (ｶ",1294198,"",
2025/2/25,160000,,"パソコン振込 ｸﾞｴﾝ ﾃｲ ﾊ-",1294615,"",
2025/2/25,,100000,"振込　ｸﾞｴﾝ ﾎｱﾝﾍﾞﾄｶｲﾝ",1454615,"",
2025/2/25,,33000,"振込　ｸﾞｴﾝ ﾎｱﾝﾍﾞﾄｶｲﾝ",1354615,"",
2025/2/25,,500000,"振込　ｸﾞｴﾝ ﾎｱﾝﾍﾞﾄｶｲﾝ",1321615,"",
2025/2/25,,69145,"振込　ｶ)SBIｼﾖｳｹﾝ",821615,"",
2025/2/21,,19863,"振込　ｶ)SBIｼﾖｳｹﾝ",752470,"",
2025/2/20,,70000,"振込　ｸﾞｴﾝ ﾎｱﾝ ﾍﾞﾄ ｶｲﾝ",732607,"",
2025/2/18,1580,,"パソコン振込 ｸﾞｴﾝ ｼ- ｺﾞﾂｸ ｱｲﾝ",662607,"",
2025/2/18,,49854,"振込　ｶ)SBIｼﾖｳｹﾝ",664187,"",
2025/2/17,,209,"普通預金利息",614333,"",
2025/2/14,,32000,"振込　ｸﾞｴﾝ ﾎｱﾝﾍﾞﾄｶｲﾝ",614124,"",
2025/2/10,3300,,"(ｶ) ｼﾞｴ-ｼ-ﾋﾞ-",582124,"",
2025/2/10,190933,,"ﾐﾂｲｽﾐﾄﾓｶ-ﾄﾞ (ｶ",585424,"",
2025/2/10,550,,"ﾐﾂｲｽﾐﾄﾓｶ-ﾄﾞ (ｶ",776357,"",
2025/2/10,,30000,"振込　ｺｼｶﾞﾔｼｺﾄﾞﾓﾌｸｼｶ",776907,"",
2025/2/7,1000,,"ﾒﾙﾍﾟｲ",746907,"",
2025/2/6,10000,,"DF.ｳｴﾙｽﾅﾋﾞ",747907,"",
2025/2/4,450000,,"パソコン振込 ｸﾞｴﾝ ﾃｲ ﾊ-",757907,"",
2025/2/4,,450001,"振込　ｶ)ﾃﾞｼﾞﾀﾙﾜﾚﾂﾄﾍﾝｷﾝｾﾝﾖｳ",1207907,"",
2025/2/4,450000,,"パソコン振込 ｶ)ﾃﾞｼﾞﾀﾙﾜﾚﾂﾄ",757906,"",
2025/2/3,,670000,"振込　ｸﾞｴﾝ ﾃｲ ﾊ-",1207906,"",
2025/2/3,20000,,"パソコン振込 ｸﾞｴﾝ ﾎｱﾝ ﾍﾞﾄ ｶｲﾝ",537906,"",
2025/2/1,99561,,"ﾒﾙﾍﾟｲ",557906,"",
2025/1/31,,457500,"振込　ｶ)ｲﾝｸﾞ",657467,"",
2025/1/29,100740,,"パソコン振込 ｶ)ﾃﾞｼﾞﾀﾙﾜﾚﾂﾄ",199967,"",
2025/1/28,38000,,"パソコン振込 ｶ)ﾃﾞｼﾞﾀﾙﾜﾚﾂﾄ",300707,"",
2025/1/27,575401,,"ﾍﾟｲﾍﾟｲｶ-ﾄﾞ",338707,"",
2025/1/27,11000,,"NS NICOS",914108,"",
2025/1/27,189415,,"ﾗｸﾃﾝｶ-ﾄﾞｻ-ﾋﾞｽ",925108,"",
2025/1/27,40217,,"DF.ﾍﾟｲﾃﾞｲ-",1114523,"",
2025/1/27,23000,,"ｺｸﾐﾝﾈﾝｷﾝｷｷﾝﾚﾝｺﾞｳｶｲ(ｶ",1154740,"",
2025/1/27,19754,,"ﾐﾂｲｽﾐﾄﾓｶ-ﾄﾞ (ｶ",1177740,"",
2025/1/27,10164,,"ﾐﾂｲｽﾐﾄﾓｶ-ﾄﾞ (ｶ",1197494,"",
2025/1/26,,330000,"振込　ｸﾞｴﾝ ﾎｱﾝﾍﾞﾄｶｲﾝ",1207658,"",
2025/1/25,313271,,"パソコン振込 ｶ)ﾃﾞｼﾞﾀﾙﾜﾚﾂﾄ",877658,"",
2025/1/24,,130000,"振込　ｸﾞｴﾝ ﾎｱﾝﾍﾞﾄｶｲﾝ",1190929,"",
2025/1/20,,35000,"振込　ｸﾞｴﾝ ﾎｱﾝﾍﾞﾄｶｲﾝ",1060929,"",
2025/1/20,,14735,"振込　ﾍﾟｲﾍﾟｲｼﾖｳｹﾝ(ｶ",1025929,"",
2025/1/14,20000,,"パソコン振込 ｸﾞｴﾝﾎｱﾝﾍﾞﾄ ｶｲﾝ",1011194,"",
2025/1/14,,98575,"振込　ｶ)SBIｼﾖｳｹﾝ",1031194,"",
2025/1/10,12444,,"ﾒﾙﾍﾟｲ",932619,"",
2025/1/10,,440412,"振込　ｶ)SBIｼﾖｳｹﾝ",945063,"",
2025/1/10,328038,,"ﾐﾂｲｽﾐﾄﾓｶ-ﾄﾞ (ｶ",504651,"",
2025/1/10,550,,"ﾐﾂｲｽﾐﾄﾓｶ-ﾄﾞ (ｶ",832689,"",
2025/1/9,3000,,"ﾍﾟｲﾍﾟｲ",833239,"",
2025/1/9,,400000,"振込　ｶ)ﾒﾙﾍﾟｲ",836239,"",
2025/1/9,1000,,"ﾒﾙﾍﾟｲ",436239,"",
2025/1/9,50000,,"パソコン振込 ｸﾞｴﾝ ﾃｲ ﾊｲ",437239,"",
2025/1/9,,41998,"振込　ｶ)SBIｼﾖｳｹﾝ",487239,"",
2025/1/9,,100000,"振込　ｶ)ﾁﾕｳｵｳｼﾞﾕｳﾀｸ",445241,"",
2025/1/7,199171,,"ﾒﾙﾍﾟｲ",345241,"",
2025/1/7,,60183,"振込　ﾏｲ ｳﾞｱﾝ ﾄｳﾝ",544412,"",
2025/1/7,1000,,"ﾒﾙﾍﾟｲ",484229,"",
2025/1/7,,90000,"振込　ｸﾞｴﾝ ﾎｱﾝ ﾍﾞﾄ ｶｲﾝ",485229,"",
2025/1/6,621578,,"パソコン振込 ｶ)ﾃﾞｼﾞﾀﾙﾜﾚﾂﾄ",395229,"",
2025/1/6,10000,,"DF.ｳｴﾙｽﾅﾋﾞ",1016807,"",
2024/12/30,,20000,"振込　ｸﾞｴﾝ ﾎｱﾝﾍﾞﾄｶｲﾝ",1026807,"",
2024/12/30,1000,,"ﾒﾙﾍﾟｲ",1006807,"",
2024/12/30,,145660,"振込　ｶ)SBIｼﾖｳｹﾝ",1007807,"",
2024/12/27,,480000,"振込　ｶ)ｲﾝｸﾞ",862147,"",
2024/12/27,,109721,"振込　ｶ)SBIｼﾖｳｹﾝ",382147,"",
2024/12/27,895602,,"ﾍﾟｲﾍﾟｲｶ-ﾄﾞ",272426,"",
2024/12/27,379239,,"ﾗｸﾃﾝｶ-ﾄﾞｻ-ﾋﾞｽ",1168028,"",
2024/12/27,49745,,"DF.ﾍﾟｲﾃﾞｲ-",1547267,"",
2024/12/26,23000,,"ｺｸﾐﾝﾈﾝｷﾝｷｷﾝﾚﾝｺﾞｳｶｲ(ｶ",1597012,"",
2024/12/26,23072,,"ﾐﾂｲｽﾐﾄﾓｶ-ﾄﾞ (ｶ",1620012,"",
2024/12/26,4970,,"ﾐﾂｲｽﾐﾄﾓｶ-ﾄﾞ (ｶ",1643084,"",
2024/12/25,,450000,"振込　ｸﾞｴﾝ ﾎｱﾝﾍﾞﾄｶｲﾝ",1648054,"",
2024/12/20,,150000,"振込　ｸﾞｴﾝ ﾎｱﾝ ﾍﾞﾄ ｶｲﾝ",1198054,"",
2024/12/19,,400000,"振込　ｸﾞｴﾝﾎｱﾝﾍﾞﾄ ｶｲﾝ",1048054,"",
2024/12/18,340000,,"パソコン振込 ｸﾞｴﾝ ｽｱﾝ ﾊﾞｸ",648054,"",
2024/12/18,42000,,"パソコン振込 ｸﾞｴﾝ ｶｸ ﾎｱﾝ",988054,"",
2024/12/18,,1000000,"振込　ｸﾞｴﾝﾎｱﾝﾍﾞﾄ ｶｲﾝ",1030054,"",
2024/12/13,1400000,,"パソコン振込 ｸﾞｴﾝﾎｱﾝﾍﾞﾄ ｶｲﾝ",30054,"",
2024/12/13,,500000,"振込　ｸﾞｴﾝ ﾃｲ ﾊ-",1430054,"",
2024/12/13,,200000,"振込　ｶ)ﾒﾙﾍﾟｲ",930054,"",
2024/12/13,1000,,"ﾒﾙﾍﾟｲ",730054,"",
2024/12/13,,217987,"振込　ｶ)SBIｼﾖｳｹﾝ",731054,"",
2024/12/11,,69367,"振込　ｶ)SBIｼﾖｳｹﾝ",513067,"",
2024/12/10,,66376,"振込　ｶ)SBIｼﾖｳｹﾝ",443700,"",
2024/12/10,234590,,"ﾐﾂｲｽﾐﾄﾓｶ-ﾄﾞ (ｶ",377324,"",
2024/12/10,550,,"ﾐﾂｲｽﾐﾄﾓｶ-ﾄﾞ (ｶ",611914,"",
2024/12/10,,30000,"振込　ｺｼｶﾞﾔｼｺﾄﾞﾓﾌｸｼｶ",612464,"",
2024/12/8,1930,,"パソコン振込 ｸﾞｴﾝ ﾃｲ ﾌｴﾝ",582464,"",
2024/12/7,1000,,"ﾒﾙﾍﾟｲ",584394,"",
2024/12/6,10000,,"DF.ｳｴﾙｽﾅﾋﾞ",585394,"",
2024/12/4,220,,"カード手数料",595394,"",
2024/12/4,65000,,"カード　ｾﾌﾞﾝBK018G",595614,"",
2024/12/3,20000,,"パソコン振込 ｸﾞｴﾝ ﾎｱﾝ ﾍﾞﾄ ｶｲﾝ",660614,"",
2024/12/2,20000,,"パソコン振込 ｸﾞｴﾝﾎｱﾝﾍﾞﾄ ｶｲﾝ",680614,"",
2024/12/1,29730,,"ﾒﾙﾍﾟｲ",700614,"",
2024/12/1,8300,,"ﾒﾙﾍﾟｲ",730344,"",
2024/11/30,,250000,"振込　ｳﾞ- ｳﾞｱﾝ ﾀﾝ",738644,"",
2024/11/29,,300000,"振込　ｳﾞ- ｳﾞｱﾝ ﾀﾝ",488644,"",
2024/11/29,220000,,"パソコン振込 ｸﾞｴﾝ ﾎｱﾝ ﾍﾞﾄ ｶｲﾝ",188644,"",
2024/11/29,,390000,"振込　ｶ)ｲﾝｸﾞ",408644,"",
2024/11/27,835867,,"ﾍﾟｲﾍﾟｲｶ-ﾄﾞ",18644,"",
2024/11/27,,20000,"振込　ｸﾞｴﾝ ﾎｱﾝﾍﾞﾄｶｲﾝ",854511,"",
2024/11/27,125483,,"ﾗｸﾃﾝｶ-ﾄﾞｻ-ﾋﾞｽ",834511,"",
2024/11/27,46306,,"DF.ﾍﾟｲﾃﾞｲ-",959994,"",
2024/11/26,,100000,"振込　ｸﾞｴﾝ ﾃｲ ﾊ-",1006300,"",
2024/11/26,23000,,"ｺｸﾐﾝﾈﾝｷﾝｷｷﾝﾚﾝｺﾞｳｶｲ(ｶ",906300,"",
2024/11/26,28761,,"ﾐﾂｲｽﾐﾄﾓｶ-ﾄﾞ (ｶ",929300,"",
2024/11/26,10461,,"ﾐﾂｲｽﾐﾄﾓｶ-ﾄﾞ (ｶ",958061,"",
2024/11/25,,50000,"振込　ｸﾞｴﾝ ﾎｱﾝﾍﾞﾄｶｲﾝ",968522,"",
2024/11/25,,500000,"振込　ｸﾞｴﾝ ﾎｱﾝﾍﾞﾄｶｲﾝ",918522,"",
2024/11/21,,57000,"振込　ｸﾞｴﾝ ﾎｱﾝ ﾍﾞﾄ ｶｲﾝ",418522,"",
2024/11/19,,33000,"振込　ｸﾞｴﾝ ﾎｱﾝﾍﾞﾄｶｲﾝ",361522,"",
2024/11/11,29871,,"ﾒﾙﾍﾟｲ",328522,"",
2024/11/11,241073,,"ﾐﾂｲｽﾐﾄﾓｶ-ﾄﾞ (ｶ",358393,"",
2024/11/11,550,,"ﾐﾂｲｽﾐﾄﾓｶ-ﾄﾞ (ｶ",599466,"",
2024/11/10,9000,,"パソコン振込 ｸﾞｴﾝﾎｱﾝﾍﾞﾄ ｶｲﾝ",600016,"",
2024/11/8,30704,,"パソコン振込 ｶ)ﾃﾞｼﾞﾀﾙﾜﾚﾂﾄ",609016,"",
2024/11/7,1000,,"ﾒﾙﾍﾟｲ",639720,"",
2024/11/6,10000,,"DF.ｳｴﾙｽﾅﾋﾞ",640720,"",
2024/11/2,,128000,"振込　ｸﾞｴﾝ ﾎｱﾝﾍﾞﾄｶｲﾝ",650720,"",
2024/11/2,,37000,"振込　ｸﾞｴﾝ ﾎｱﾝﾍﾞﾄｶｲﾝ",522720,"",
2024/11/1,2670,,"ﾒﾙﾍﾟｲ",485720,"",
2024/11/1,,56696,"振込　ﾒﾙﾍﾟｲ(ﾒﾙｶﾘ",488390,"",
2024/10/31,,348750,"振込　ｶ)ｲﾝｸﾞ",431694,"",
2024/10/28,,13000,"振込　ｸﾞｴﾝ ﾎｱﾝﾍﾞﾄｶｲﾝ",82944,"",
2024/10/28,605517,,"ﾍﾟｲﾍﾟｲｶ-ﾄﾞ",69944,"",
2024/10/28,230980,,"ﾗｸﾃﾝｶ-ﾄﾞｻ-ﾋﾞｽ",675461,"",
2024/10/28,20958,,"DF.ﾍﾟｲﾃﾞｲ-",906441,"",
2024/10/28,23000,,"ｺｸﾐﾝﾈﾝｷﾝｷｷﾝﾚﾝｺﾞｳｶｲ(ｶ",927399,"",
2024/10/28,26275,,"ﾐﾂｲｽﾐﾄﾓｶ-ﾄﾞ (ｶ",950399,"",
2024/10/28,3790,,"ﾐﾂｲｽﾐﾄﾓｶ-ﾄﾞ (ｶ",976674,"",
2024/10/25,,300000,"振込　ｸﾞｴﾝ ﾎｱﾝﾍﾞﾄｶｲﾝ",980464,"",
2024/10/23,,63000,"振込　ｸﾞｴﾝ ﾎｱﾝ ﾍﾞﾄ ｶｲﾝ",680464,"",
2024/10/22,,135528,"振込　ｶ)SBIｼﾖｳｹﾝ",617464,"",
2024/10/20,330,,"カード手数料",481936,"",
2024/10/20,19000,,"カード　ENET171732",482266,"",
2024/10/17,18973,,"ﾒﾙﾍﾟｲ",501266,"",
2024/10/16,50000,,"パソコン振込 ﾁｲｳ ﾌｸ ﾌﾝ",520239,"",
2024/10/15,,500000,"振込　ﾏｲ ｳﾞｱﾝ ﾄｳﾝ",570239,"",
2024/10/11,75600,,"パソコン振込 ｶ)ｶｲｿｳｻｲｴﾝｽﾉｶｲ",70239,"",
2024/10/11,30000,,"ﾒﾙﾍﾟｲ",145839,"",
2024/10/10,208469,,"ﾐﾂｲｽﾐﾄﾓｶ-ﾄﾞ (ｶ",175839,"",
2024/10/10,550,,"ﾐﾂｲｽﾐﾄﾓｶ-ﾄﾞ (ｶ",384308,"",
2024/10/9,,55000,"振込　ｸﾞｴﾝ ﾎｱﾝ ﾍﾞﾄ ｶｲﾝ",384858,"",
2024/10/9,,51287,"振込　ｶ)SBIｼﾖｳｹﾝ",329858,"",
2024/10/8,,58650,"振込　ﾒﾙﾍﾟｲ(ﾒﾙｶﾘ",278571,"",
2024/10/7,1000,,"ﾒﾙﾍﾟｲ",219921,"",
2024/10/4,,1000,"振込　ｶ)ﾌｵﾘｵ",220921,"",
2024/10/3,88742,,"パソコン振込 ｶ)ﾃﾞｼﾞﾀﾙﾜﾚﾂﾄ",219921,"",
2024/10/3,10000,,"パソコン振込 ｳｴﾙｽﾅﾋﾞ (ｶ",308663,"",
2024/10/1,,60054,"振込　ｸﾞｴﾝ ﾎｱﾝﾍﾞﾄｶｲﾝ",318663,"",
2024/10/1,,60810,"振込　ﾒﾙﾍﾟｲ(ﾒﾙｶﾘ",258609,"",
2024/10/1,21410,,"パソコン振込 ﾀﾞﾝ ﾃｲ ﾌｴﾝ ﾄﾗﾝ",197799,"",
2024/9/30,,1000,"振込　ｶ)ﾘﾝｸｵﾌﾞｱｼﾞｱ",219209,"",
2024/9/30,69500,,"ﾍﾟｲﾍﾟｲ",218209,"",
2024/9/30,200000,,"パソコン振込 ｸﾞｴﾝ ﾎｱﾝ ﾍﾞﾄ ｶｲﾝ",287709,"",
2024/9/30,,360000,"振込　ｶ)ｲﾝｸﾞ",487709,"",
2024/9/30,,100000,"振込　ﾒﾙﾍﾟｲ(ﾒﾙｶﾘ",127709,"",
2024/9/30,,26000,"振込　ｺｼｶﾞﾔｼｼﾕｳﾉｳｶ",27709,"",
2024/9/27,461771,,"ﾍﾟｲﾍﾟｲｶ-ﾄﾞ",1709,"",
2024/9/27,126637,,"ﾗｸﾃﾝｶ-ﾄﾞｻ-ﾋﾞｽ",463480,"",
2024/9/27,3032,,"DF.ﾍﾟｲﾃﾞｲ-",590117,"",
2024/9/26,,111466,"振込　ｸﾞｴﾝ ﾎｱﾝﾍﾞﾄｶｲﾝ",593149,"",
2024/9/26,46000,,"ｺｸﾐﾝﾈﾝｷﾝｷｷﾝﾚﾝｺﾞｳｶｲ(ｶ",481683,"",
2024/9/26,15786,,"ﾐﾂｲｽﾐﾄﾓｶ-ﾄﾞ (ｶ",527683,"",
2024/9/26,7788,,"ﾐﾂｲｽﾐﾄﾓｶ-ﾄﾞ (ｶ",543469,"",
2024/9/25,,100000,"振込　ｸﾞｴﾝ ﾎｱﾝﾍﾞﾄｶｲﾝ",551257,"",
2024/9/25,,100000,"振込　ｸﾞｴﾝ ﾃｲ ﾊ-",451257,"",
2024/9/25,330,,"振込手数料",351257,"",
2024/9/25,351680,,"パソコン振込 ｶ)ﾃﾞｼﾞﾀﾙﾜﾚﾂﾄ",351587,"",
2024/9/25,,500000,"振込　ｸﾞｴﾝ ﾎｱﾝﾍﾞﾄｶｲﾝ",703267,"",
2024/9/24,,117241,"振込　ｶ)SBIｼﾖｳｹﾝ",203267,"",
2024/9/20,,20000,"振込　ｺｲﾝﾌﾟﾗｽ",86026,"",
2024/9/19,20000,,"ｺｲﾝﾌﾟﾗｽ",66026,"",
2024/9/19,165,,"振込手数料",86026,"",
2024/9/19,23495,,"パソコン振込 ｶ)ﾃﾞｼﾞﾀﾙﾜﾚﾂﾄ",86191,"",
2024/9/19,,100000,"振込　ﾎﾟﾗｽｶﾞ-ﾃﾞﾝﾋﾙｽﾞｶﾌﾞｼｷｶﾞｲｼﾔ",109686,"",
2024/9/18,58215,,"パソコン振込 ｶ)ﾃﾞｼﾞﾀﾙﾜﾚﾂﾄ",9686,"",
2024/9/17,5000,,"ﾍﾟｲﾍﾟｲ",67901,"",
2024/9/15,1896,,"ﾍﾟｲﾍﾟｲ",72901,"",
2024/9/15,70000,,"パソコン振込 ｸﾞｴﾝ ﾃｲ ﾊ-",74797,"",
2024/9/15,330,,"カード手数料",144797,"",
2024/9/15,,70000,"カード　ｾﾌﾞﾝBK0D5A",145127,"",
2024/9/10,278821,,"ﾐﾂｲｽﾐﾄﾓｶ-ﾄﾞ (ｶ",75127,"",
2024/9/10,550,,"ﾐﾂｲｽﾐﾄﾓｶ-ﾄﾞ (ｶ",353948,"",
2024/9/9,,75268,"振込　ｶ)SBIｼﾖｳｹﾝ",354498,"",
2024/9/6,,95444,"振込　ｶ)SBIｼﾖｳｹﾝ",279230,"",
2024/9/4,65240,,"パソコン振込 ｶ)ﾃﾞｼﾞﾀﾙﾜﾚﾂﾄ",183786,"",
2024/9/4,,63101,"振込　ｸﾞｴﾝ ﾎｱﾝﾍﾞﾄｶｲﾝ",249026,"",
2024/9/4,7000,,"ｶ)ﾋﾞﾕ-ｶ-ﾄﾞ",185925,"",
2024/9/2,,73500,"振込　ｸﾞｴﾝ ﾎｱﾝﾍﾞﾄｶｲﾝ",192925,"",
2024/9/2,412881,,"パソコン振込 ｶ)ﾃﾞｼﾞﾀﾙﾜﾚﾂﾄ",119425,"",
2024/9/1,5000,,"パソコン振込 ｸﾞｴﾝ ﾃｲ ﾄｳｲ ﾘﾝ",532306,"",
2024/8/30,,363750,"振込　ｶ)ｲﾝｸﾞ",537306,"",
2024/8/27,7780,,"パソコン振込 ﾀﾞﾝ ﾃｲ ﾌｴﾝ ﾄﾗﾝ",173556,"",
2024/8/27,493160,,"ﾍﾟｲﾍﾟｲｶ-ﾄﾞ",181336,"",
2024/8/27,154219,,"ﾗｸﾃﾝｶ-ﾄﾞｻ-ﾋﾞｽ",674496,"",
2024/8/27,21436,,"DF.ﾍﾟｲﾃﾞｲ-",828715,"",
2024/8/26,,10000,"振込　ｺｲﾝﾌﾟﾗｽ",850151,"",
2024/8/26,,450000,"振込　ｸﾞｴﾝ ﾎｱﾝﾍﾞﾄｶｲﾝ",840151,"",
2024/8/26,10601,,"ﾐﾂｲｽﾐﾄﾓｶ-ﾄﾞ (ｶ",390151,"",
2024/8/24,330,,"振込手数料",400752,"",
2024/8/24,234742,,"パソコン振込 ｶ)ﾃﾞｼﾞﾀﾙﾜﾚﾂﾄ",401082,"",
2024/8/23,,300000,"振込　ｸﾞｴﾝ ﾊﾞﾂｸ",635824,"",
2024/8/23,10000,,"ｺｲﾝﾌﾟﾗｽ",335824,"",
2024/8/23,,300000,"振込　ｸﾞｴﾝ ﾎｱﾝ ﾍﾞﾄ ｶｲﾝ",345824,"",
2024/8/19,150000,,"パソコン振込 ｸﾞｴﾝﾎｱﾝﾍﾞﾄ ｶｲﾝ",45824,"",
2024/8/19,,24,"普通預金利息",195824,"",
2024/8/17,5300,,"パソコン振込 ｽﾞｵﾝ ﾃｲ ｶﾞ-",195800,"",
2024/8/13,,143356,"振込　ｶ)SBIｼﾖｳｹﾝ",201100,"",
2024/8/13,550,,"ﾐﾂｲｽﾐﾄﾓｶ-ﾄﾞ (ｶ",57744,"",
2024/8/8,6779,,"ﾒﾙﾍﾟｲ",58294,"",
2024/8/5,13000,,"ｶ)ﾋﾞﾕ-ｶ-ﾄﾞ",65073,"",
2024/8/1,25300,,"パソコン振込 ｶ)ﾃﾞｼﾞﾀﾙﾜﾚﾂﾄ",78073,"",
2024/7/31,200000,,"パソコン振込 ｸﾞｴﾝ ﾎｱﾝ ﾍﾞﾄ ｶｲﾝ",103373,"",
2024/7/31,120000,,"パソコン振込 ｸﾞｴﾝ ﾃｲ ﾊ-",303373,"",
2024/7/31,,356250,"振込　ｶ)ｲﾝｸﾞ",423373,"",
2024/7/31,,10000,"振込　ｺｼｶﾞﾔｺｿﾀﾞﾃﾌｱﾐﾘ-ｵｳｴﾝｷﾝ",67123,"",
2024/7/29,197461,,"ﾍﾟｲﾍﾟｲｶ-ﾄﾞ",57123,"",
2024/7/29,61167,,"ﾗｸﾃﾝｶ-ﾄﾞｻ-ﾋﾞｽ",254584,"",
2024/7/26,270123,,"ﾐﾂｲｽﾐﾄﾓｶ-ﾄﾞ (ｶ",315751,"",
2024/7/26,11243,,"ﾐﾂｲｽﾐﾄﾓｶ-ﾄﾞ (ｶ",585874,"",
2024/7/26,8679,,"ﾐﾂｲｽﾐﾄﾓｶ-ﾄﾞ (ｶ",597117,"",
2024/7/25,304737,,"パソコン振込 ｶ)ﾃﾞｼﾞﾀﾙﾜﾚﾂﾄ",605796,"",
2024/7/25,,267000,"振込　ｸﾞｴﾝ ﾎｱﾝﾍﾞﾄｶｲﾝ",910533,"",
2024/7/25,6000,,"パソコン振込 ｸﾞｴﾝ ﾃｲ ﾊ-",643533,"",
2024/7/25,,179000,"振込　ｸﾞｴﾝ ﾎｱﾝ ﾍﾞﾄ ｶｲﾝ",649533,"",
2024/7/25,1000,,"ﾗｲﾝ ﾍﾟｲ(ｶ",470533,"",
2024/7/23,,48000,"振込　ｸﾞｴﾝ ﾎｱﾝ ﾍﾞﾄ ｶｲﾝ",471533,"",
2024/7/22,,7188,"振込　ｼﾔ)ﾍﾞﾄﾅﾐ-ｽﾞﾌﾟﾛﾌｴﾂｼﾖﾅﾙｽﾞｲﾝｼﾞﾔﾊﾟﾝ",423533,"",
2024/7/18,,230000,"振込　ｸﾞｴﾝﾎｱﾝﾍﾞﾄ ｶｲﾝ",416345,"",
2024/7/18,10000,,"パソコン振込 ﾜｲｽﾞﾍﾟｲﾒﾝﾂｼﾞﾔﾊﾟﾝ(ｶ",186345,"",
2024/7/18,10000,,"パソコン振替　外貨預金",196345,"",
2024/7/17,60000,,"パソコン振込 ｸﾞｴﾝ ﾃｲ ﾊ-",206345,"",
2024/7/15,2999,,"ﾒﾙﾍﾟｲ",266345,"",
2024/7/12,,125284,"振込　ﾍﾟｲﾍﾟｲｼﾖｳｹﾝ(ｶ",269344,"",
2024/7/11,,35000,"振込　ｶ)SBIｼﾖｳｹﾝ",144060,"",
2024/7/10,,62414,"振込　ﾍﾟｲﾍﾟｲｼﾖｳｹﾝ(ｶ",109060,"",
2024/7/10,550,,"ﾐﾂｲｽﾐﾄﾓｶ-ﾄﾞ (ｶ",46646,"",
2024/7/5,30000,,"パソコン振込 ｸﾞｴﾝ ﾃｲ ﾊ-",47196,"",
2024/7/5,15110,,"ﾍﾟｲﾍﾟｲｼﾖｳｹﾝ",77196,"",
2024/7/4,8524,,"ｶ)ﾋﾞﾕ-ｶ-ﾄﾞ",92306,"",
2024/7/1,59737,,"パソコン振込 ｶ) ｴｽﾋﾞ-ｱｲｼﾖｳｹﾝ",100830,"",
2024/6/28,330,,"振込手数料",160567,"",
2024/6/28,200000,,"パソコン振込 ｸﾞｴﾝ ﾎｱﾝ ﾍﾞﾄ ｶｲﾝ",160897,"",
2024/6/28,,330000,"振込　ｶ)ｲﾝｸﾞ",360897,"",
2024/6/27,297888,,"ﾍﾟｲﾍﾟｲｶ-ﾄﾞ",30897,"",
2024/6/27,48915,,"ﾗｸﾃﾝｶ-ﾄﾞｻ-ﾋﾞｽ",328785,"",
2024/6/26,130000,,"パソコン振込 ｸﾞｴﾝ ﾎｱﾝ ﾍﾞﾄ ｶｲﾝ",377700,"",
2024/6/26,,200000,"振込　ｸﾞｴﾝ ﾎｱﾝ ﾍﾞﾄ ｶｲﾝ",507700,"",
2024/6/26,119135,,"ﾒﾙﾍﾟｲ",307700,"",
2024/6/26,389345,,"ﾐﾂｲｽﾐﾄﾓｶ-ﾄﾞ (ｶ",426835,"",
2024/6/26,14772,,"ﾐﾂｲｽﾐﾄﾓｶ-ﾄﾞ (ｶ",816180,"",
2024/6/26,4290,,"ﾐﾂｲｽﾐﾄﾓｶ-ﾄﾞ (ｶ",830952,"",
2024/6/25,50000,,"パソコン振込 ｸﾞｴﾝ ﾃｲ ﾊ-",835242,"",
2024/6/25,,59000,"振込　ｸﾞｴﾝ ﾎｱﾝﾍﾞﾄｶｲﾝ",885242,"",
2024/6/25,,300000,"振込　ｸﾞｴﾝ ﾎｱﾝ ﾍﾞﾄ ｶｲﾝ",826242,"",
2024/6/23,1000,,"ﾍﾟｲﾍﾟｲ",526242,"",
2024/6/21,,70000,"振込　ｸﾞｴﾝ ﾎｱﾝ ﾍﾞﾄ ｶｲﾝ",527242,"",
2024/6/21,8450,,"パソコン振込 ﾁﾔﾝ ﾁ ﾌｴ",457242,"",
2024/6/21,,95320,"振込　ﾍﾟｲﾍﾟｲｼﾖｳｹﾝ(ｶ",465692,"",
2024/6/14,110,,"カード手数料",370372,"",
2024/6/14,40000,,"カード　ﾄﾁｷﾞ",370482,"",
2024/6/14,330,,"カード手数料",410482,"",
2024/6/14,30000,,"カード　ｾﾌﾞﾝBK0CWD",410812,"",
2024/6/11,49517,,"ﾒﾙﾍﾟｲ",440812,"",
2024/6/11,,50000,"振込　ｸﾞｴﾝ ﾎｱﾝ ﾍﾞﾄ ｶｲﾝ",490329,"",
2024/6/10,400,,"第１４６１回　ｍｉｎｉＢＩＧ　SMBCｽﾎﾟｰﾂｸｼﾞ",440329,"",
2024/6/10,550,,"ﾐﾂｲｽﾐﾄﾓｶ-ﾄﾞ (ｶ",440729,"",
2024/6/6,50000,,"パソコン振込 ｶ)ﾃﾞｼﾞﾀﾙﾜﾚﾂﾄ",441279,"",
2024/6/6,,200000,"振込　ｸﾞｴﾝ ﾎｱﾝ ﾍﾞﾄ ｶｲﾝ",491279,"",
2024/6/5,15110,,"ﾍﾟｲﾍﾟｲｼﾖｳｹﾝ",291279,"",
2024/6/4,7750,,"ｶ)ﾋﾞﾕ-ｶ-ﾄﾞ",306389,"",
2024/5/31,80000,,"パソコン振込 ｶ) ｴｽﾋﾞ-ｱｲｼﾖｳｹﾝ",314139,"",
2024/5/31,400000,,"パソコン振込 ｸﾞｴﾝ ﾎｱﾝ ﾍﾞﾄ ｶｲﾝ",394139,"",
2024/5/31,,110000,"振込　ｳﾞ- ｳﾞｱﾝ ﾀﾝ",794139,"",
2024/5/31,,611250,"振込　ｶ)ｲﾝｸﾞ",684139,"",
2024/5/27,436073,,"ﾍﾟｲﾍﾟｲｶ-ﾄﾞ",72889,"",
2024/5/27,10526,,"ﾗｸﾃﾝｶ-ﾄﾞｻ-ﾋﾞｽ",508962,"",
2024/5/27,108052,,"ﾐﾂｲｽﾐﾄﾓｶ-ﾄﾞ (ｶ",519488,"",
2024/5/27,125335,,"ﾐﾂｲｽﾐﾄﾓｶ-ﾄﾞ (ｶ",627540,"",
2024/5/27,3586,,"ﾐﾂｲｽﾐﾄﾓｶ-ﾄﾞ (ｶ",752875,"",
2024/5/25,,100000,"振込　ｸﾞｴﾝ ﾎｱﾝ ﾍﾞﾄ ｶｲﾝ",756461,"",
2024/5/24,,186394,"振込　ﾍﾟｲﾍﾟｲｼﾖｳｹﾝ(ｶ",656461,"",
2024/5/23,,150000,"振込　ｸﾞｴﾝ ﾎｱﾝ ﾍﾞﾄ ｶｲﾝ",470067,"",
2024/5/15,,19577,"振込　ﾍﾟｲﾍﾟｲ",320067,"",
2024/5/13,1100,,"ﾍﾟｲﾍﾟｲ",300490,"",
2024/5/13,,19026,"振込　ﾍﾟｲﾍﾟｲ",301590,"",
2024/5/10,2700,,"ﾐﾂｲｽﾐﾄﾓｶ-ﾄﾞ (ｶ",282564,"",
2024/5/9,20000,,"ﾍﾟｲﾍﾟｲｼﾖｳｹﾝ",285264,"",
2024/5/7,15110,,"ﾍﾟｲﾍﾟｲｼﾖｳｹﾝ",305264,"",
2024/5/7,6170,,"ｶ)ﾋﾞﾕ-ｶ-ﾄﾞ",320374,"",
2024/5/4,300000,,"パソコン振込 ｸﾞｴﾝ ﾎｱﾝ ﾍﾞﾄ ｶｲﾝ",326544,"",
2024/5/3,1000,,"ﾒﾙﾍﾟｲ",626544,"",
2024/5/1,80000,,"パソコン振込 ｶ) ｴｽﾋﾞ-ｱｲｼﾖｳｹﾝ",627544,"",
2024/4/30,,633750,"振込　ｶ)ｲﾝｸﾞ",707544,"",
2024/4/30,681199,,"ﾍﾟｲﾍﾟｲｶ-ﾄﾞ",73794,"",
2024/4/30,114887,,"ﾗｸﾃﾝｶ-ﾄﾞｻ-ﾋﾞｽ",754993,"",
2024/4/26,75091,,"ﾐﾂｲｽﾐﾄﾓｶ-ﾄﾞ (ｶ",869880,"",
2024/4/26,1158,,"ﾐﾂｲｽﾐﾄﾓｶ-ﾄﾞ (ｶ",944971,"",
2024/4/25,,300000,"振込　ｸﾞｴﾝ ﾎｱﾝ ﾍﾞﾄ ｶｲﾝ",946129,"",
2024/4/20,,90000,"振込　ｸﾞｴﾝ ﾎｱﾝ ﾍﾞﾄ ｶｲﾝ",646129,"",
2024/4/19,,300000,"振込　ｸﾞｴﾝ ﾎｱﾝ ﾍﾞﾄ ｶｲﾝ",556129,"",
2024/4/19,165,,"振込手数料",256129,"",
2024/4/19,3600,,"パソコン振込 ﾀﾞﾝ ﾊﾞﾝ ﾌｵﾝ",256294,"",
2024/4/12,16519,,"DF.ﾍﾟｲﾃﾞｲ-",259894,"",
2024/4/10,1400,,"V989017　プレイフォー／ｉＤ",276413,"",
2024/4/10,1650,,"(ｶ) ｼﾞｴ-ｼ-ﾋﾞ-",277813,"",
2024/4/10,550,,"ﾐﾂｲｽﾐﾄﾓｶ-ﾄﾞ (ｶ",279463,"",
2024/4/9,,46672,"振込　ﾍﾟｲﾍﾟｲ",280013,"",
2024/4/7,4416,,"パソコン振込 ﾀﾞﾝ ﾊﾞﾝ ﾌｵﾝ",233341,"",
2024/4/7,20000,,"パソコン振込 ﾜｲｽﾞﾍﾟｲﾒﾝﾂｼﾞﾔﾊﾟﾝ(ｶ",237757,"",
2024/4/7,16950,,"ﾒﾙﾍﾟｲ",257757,"",
2024/4/5,15110,,"ﾍﾟｲﾍﾟｲｼﾖｳｹﾝ",274707,"",
2024/4/4,220,,"カード手数料",289817,"",
2024/4/4,25000,,"カード　ｾﾌﾞﾝBK0NTD",290037,"",
2024/4/4,220,,"カード手数料",315037,"",
2024/4/4,150000,,"カード　ｾﾌﾞﾝBK0NTD",315257,"",
2024/4/4,300000,,"パソコン振込 ｸﾞｴﾝ ﾎｱﾝ ﾍﾞﾄ ｶｲﾝ",465257,"",
2024/4/4,150,,"ｶ)ﾋﾞﾕ-ｶ-ﾄﾞ",765257,"",
2024/4/2,30000,,"パソコン振込 ｶ) ｴｽﾋﾞ-ｱｲｼﾖｳｹﾝ",765407,"",
2024/4/1,40000,,"ﾍﾟｲﾍﾟｲｼﾖｳｹﾝ",795407,"",
2024/3/30,5000,,"パソコン振込 ﾌｱﾝ ﾃｲ ｷﾑ ﾁ-",835407,"",
2024/3/29,,570000,"振込　ｶ)ｲﾝｸﾞ",840407,"",
2024/3/27,305652,,"ﾍﾟｲﾍﾟｲｶ-ﾄﾞ",270407,"",
2024/3/27,13475,,"ﾗｸﾃﾝｶ-ﾄﾞｻ-ﾋﾞｽ",576059,"",
2024/3/26,77667,,"ﾐﾂｲｽﾐﾄﾓｶ-ﾄﾞ (ｶ",589534,"",
2024/3/26,10723,,"ﾐﾂｲｽﾐﾄﾓｶ-ﾄﾞ (ｶ",667201,"",
2024/3/25,,300000,"振込　ｸﾞｴﾝ ﾎｱﾝ ﾍﾞﾄ ｶｲﾝ",677924,"",
2024/3/24,60000,,"カード　ｾﾌﾞﾝBK0D5A",377924,"",
2024/3/19,50000,,"ﾍﾟｲﾍﾟｲｼﾖｳｹﾝ",437924,"",
2024/3/12,,46300,"振込　ﾒﾙﾍﾟｲ(ﾒﾙｶﾘ",487924,"",
2024/3/12,14774,,"DF.ﾍﾟｲﾃﾞｲ-",441624,"",
2024/3/11,550,,"ﾐﾂｲｽﾐﾄﾓｶ-ﾄﾞ (ｶ",456398,"",
2024/3/6,40000,,"パソコン振込 ﾜｲｽﾞﾍﾟｲﾒﾝﾂｼﾞﾔﾊﾟﾝ(ｶ",456948,"",
2024/3/5,15110,,"ﾍﾟｲﾍﾟｲｼﾖｳｹﾝ",496948,"",
2024/3/4,4000,,"ｶ)ﾋﾞﾕ-ｶ-ﾄﾞ",512058,"",
2024/3/1,4500,,"ﾍﾟｲﾍﾟｲ",516058,"",
2024/2/29,129117,,"パソコン振込 ｶ) ｴｽﾋﾞ-ｱｲｼﾖｳｹﾝ",520558,"",
2024/2/29,30000,,"ﾍﾟｲﾍﾟｲｼﾖｳｹﾝ",649675,"",
2024/2/29,,581250,"振込　ｶ)ｲﾝｸﾞ",679675,"",
2024/2/27,562067,,"ﾍﾟｲﾍﾟｲｶ-ﾄﾞ",98425,"",
2024/2/27,134169,,"ﾗｸﾃﾝｶ-ﾄﾞｻ-ﾋﾞｽ",660492,"",
2024/2/26,2025,,"ﾍﾟｲﾍﾟｲ",794661,"",
2024/2/26,82057,,"ﾐﾂｲｽﾐﾄﾓｶ-ﾄﾞ (ｶ",796686,"",
2024/2/26,9703,,"ﾐﾂｲｽﾐﾄﾓｶ-ﾄﾞ (ｶ",878743,"",
2024/2/24,1000,,"ﾍﾟｲﾍﾟｲ",888446,"",
2024/2/22,,300000,"振込　ｸﾞｴﾝ ﾎｱﾝ ﾍﾞﾄ ｶｲﾝ",889446,"",
2024/2/19,78260,,"ﾍﾟｲﾍﾟｲｼﾖｳｹﾝ",589446,"",
2024/2/19,,1,"普通預金利息",667706,"",
2024/2/17,3000,,"ﾍﾟｲﾍﾟｲ",667705,"",
2024/2/13,40000,,"パソコン振込 ﾊﾞｲﾅﾝｽｼﾞﾔﾊﾟﾝ(ｶ",670705,"",
2024/2/13,3300,,"(ｶ) ｼﾞｴ-ｼ-ﾋﾞ-",710705,"",
2024/2/13,37865,,"DF.ﾍﾟｲﾃﾞｲ-",714005,"",
2024/2/13,2680,,"ﾐﾂｲｽﾐﾄﾓｶ-ﾄﾞ (ｶ",751870,"",
2024/2/6,15110,,"ﾍﾟｲﾍﾟｲｼﾖｳｹﾝ",754550,"",
2024/2/5,9000,,"ｶ)ﾋﾞﾕ-ｶ-ﾄﾞ",769660,"",
2024/2/3,,170000,"振込　ｸﾞｴﾝ ﾃｲ ﾊ-",778660,"",
2024/2/1,3190,,"ﾒﾙﾍﾟｲ",608660,"",
2024/1/31,45000,,"パソコン振込 ｶ) ｴｽﾋﾞ-ｱｲｼﾖｳｹﾝ",611850,"",
2024/1/31,,337500,"振込　ｶ)ｲﾝｸﾞ",656850,"",
2024/1/30,200000,,"パソコン振込 ｸﾞｴﾝ ﾎｱﾝ ﾍﾞﾄ ｶｲﾝ",319350,"",
2024/1/29,,50000,"振込　ｳﾞ- ｳﾞｱﾝ ﾀﾝ",519350,"",
2024/1/29,871553,,"ﾍﾟｲﾍﾟｲｶ-ﾄﾞ",469350,"",
2024/1/29,11000,,"NS NICOS",1340903,"",
2024/1/26,,49700,"振込　ｳﾞ- ｳﾞｱﾝ ﾀﾝ",1351903,"",
2024/1/26,,200000,"振込　ｸﾞｴﾝ ﾎｱﾝ ﾍﾞﾄ ｶｲﾝ",1302203,"",
2024/1/26,76833,,"ﾐﾂｲｽﾐﾄﾓｶ-ﾄﾞ (ｶ",1102203,"",
2024/1/26,15450,,"ﾐﾂｲｽﾐﾄﾓｶ-ﾄﾞ (ｶ",1179036,"",
2024/1/25,,100000,"振込　ｳﾞ- ｳﾞｱﾝ ﾀﾝ",1194486,"",
2024/1/25,,300000,"振込　ｸﾞｴﾝ ﾎｱﾝ ﾍﾞﾄ ｶｲﾝ",1094486,"",
2024/1/22,57371,,"DF.ﾍﾟｲﾃﾞｲ-",794486,"",
2024/1/21,8000,,"ﾍﾟｲﾍﾟｲ",851857,"",
2024/1/13,,50000,"振込　ｸﾞｴﾝ ﾎｱﾝ ﾍﾞﾄ ｶｲﾝ",859857,"",
2024/1/12,16010,,"ﾒﾙﾍﾟｲ",809857,"",
2024/1/10,550,,"ﾐﾂｲｽﾐﾄﾓｶ-ﾄﾞ (ｶ",825867,"",
2024/1/5,15110,,"ﾍﾟｲﾍﾟｲｼﾖｳｹﾝ",826417,"",
2024/1/5,370,,"PE ｺｼｶﾞﾔｾﾞｲﾑｼﾖ",841527,"",
2024/1/4,69409,,"ｶ)ﾋﾞﾕ-ｶ-ﾄﾞ",841897,"",
2023/12/29,,300000,"振込　ｶ)ｲﾝｸﾞ",911306,"",
2023/12/27,503612,,"ﾍﾟｲﾍﾟｲｶ-ﾄﾞ",611306,"",
2023/12/27,107897,,"ﾗｸﾃﾝｶ-ﾄﾞｻ-ﾋﾞｽ",1114918,"",
2023/12/26,,70000,"振込　ﾍﾟｲﾍﾟｲ",1222815,"",
2023/12/26,108199,,"ﾐﾂｲｽﾐﾄﾓｶ-ﾄﾞ (ｶ",1152815,"",
2023/12/26,5981,,"ﾐﾂｲｽﾐﾄﾓｶ-ﾄﾞ (ｶ",1261014,"",
2023/12/25,,59000,"振込　ｳﾞ- ｳﾞｱﾝ ﾀﾝ",1266995,"",
2023/12/25,,176500,"振込　ｳﾞ- ｳﾞｱﾝ ﾀﾝ",1207995,"",
2023/12/25,,300000,"振込　ｸﾞｴﾝ ﾎｱﾝ ﾍﾞﾄ ｶｲﾝ",1031495,"",
2023/12/22,1380,,"V427752　イオン　浦和美園／ｉＤ",731495,"",
2023/12/16,40000,,"パソコン振込 ｶ) ｴｽﾋﾞ-ｱｲｼﾖｳｹﾝ",732875,"",
2023/12/14,,700000,"振込　NGUYEN THI THANH HUYEN",772875,"",
2023/12/12,59212,,"DF.ﾍﾟｲﾃﾞｲ-",72875,"",
2023/12/11,,53918,"振込　ｳｴﾙｽﾊﾟ-ｸｵﾙﾀﾅﾃｲﾌﾞｲﾝﾍﾞｽﾄﾒﾝﾂ(ｶｼﾕﾂｼｷﾝｸﾞﾁ",132087,"",
2023/12/11,550,,"ﾐﾂｲｽﾐﾄﾓｶ-ﾄﾞ (ｶ",78169,"",
2023/12/5,123000,,"パソコン振込 ﾜｲｽﾞﾍﾟｲﾒﾝﾂｼﾞﾔﾊﾟﾝ(ｶ",78719,"",
2023/12/5,,120000,"振込　ｸﾞｴﾝ ﾃｲ ﾊ-",201719,"",
2023/12/4,6000,,"ｶ)ﾋﾞﾕ-ｶ-ﾄﾞ",81719,"",
2023/12/1,350000,,"パソコン振込 ｸﾞｴﾝ ﾃｲ ﾊ-",87719,"",
2023/12/1,,330000,"振込　ｶ)ｲﾝｸﾞ",437719,"",
2023/12/1,1022,,"ﾒﾙﾍﾟｲ",107719,"",
2023/12/1,,100000,"振込　ｸﾞｴﾝ ﾎｱﾝ ﾍﾞﾄ ｶｲﾝ",108741,"",
2023/11/30,120000,,"パソコン振込 ｸﾞｴﾝ ﾎｱﾝ ﾍﾞﾄ ｶｲﾝ",8741,"",
2023/11/29,,46700,"振込　ｼﾔ)ﾍﾞﾄﾅﾐ-ｽﾞﾌﾟﾛﾌｴﾂｼﾖﾅﾙｽﾞｲﾝｼﾞﾔﾊﾟﾝ",128741,"",
2023/11/27,,8000,"振込　ｳﾞ- ｳﾞｱﾝ ﾀﾝ",82041,"",
2023/11/27,,60100,"振込　ﾍﾟｲﾍﾟｲ",74041,"",
2023/11/27,529704,,"ﾍﾟｲﾍﾟｲｶ-ﾄﾞ",13941,"",
2023/11/27,9520,,"ﾗｸﾃﾝｶ-ﾄﾞｻ-ﾋﾞｽ",543645,"",
2023/11/27,123119,,"ﾐﾂｲｽﾐﾄﾓｶ-ﾄﾞ (ｶ",553165,"",
2023/11/27,55061,,"ﾐﾂｲｽﾐﾄﾓｶ-ﾄﾞ (ｶ",676284,"",
2023/11/24,,189780,"振込　ﾗｲﾝﾍﾟｲ(ｶ",731345,"",
2023/11/24,,300000,"振込　ｸﾞｴﾝ ﾎｱﾝ ﾍﾞﾄ ｶｲﾝ",541565,"",
2023/11/22,,100000,"振込　ｳﾞ- ｳﾞｱﾝ ﾀﾝ",241565,"",
2023/11/22,987,,"V123141　成田国際空港ターミナル／ｉＤ",141565,"",
2023/11/21,,42250,"振込　ﾒﾙﾍﾟｲ(ﾒﾙｶﾘ",142552,"",
2023/11/20,4000,,"パソコン振込 ｸﾞｴﾝ ﾎｱﾝ ﾍﾞﾄ ｶｲﾝ",100302,"",
2023/11/17,63394,,"パソコン振込 ｶ)ﾍﾟｲﾃﾞｲ-",104302,"",
2023/11/14,,100000,"振込　ｸﾞｴﾝ ｶｸﾌﾝ",167696,"",
2023/11/12,,45000,"振込　ｸﾞｴﾝ ﾃｲ ﾊ-",67696,"",
2023/11/10,100000,,"パソコン振込 ｸﾞｴﾝ ｶｸﾌﾝ",22696,"",
2023/11/10,11369,,"ﾐﾂｲｽﾐﾄﾓｶ-ﾄﾞ (ｶ",122696,"",
2023/11/6,12000,,"ｶ)ﾋﾞﾕ-ｶ-ﾄﾞ",134065,"",
2023/11/5,76937,,"ﾒﾙﾍﾟｲ",146065,"",
2023/11/1,5000,,"ﾍﾟｲﾍﾟｲ",223002,"",
2023/10/31,200000,,"パソコン振込 ｸﾞｴﾝ ﾎｱﾝ ﾍﾞﾄ ｶｲﾝ",228002,"",
2023/10/31,,401250,"振込　ｶ)ｲﾝｸﾞ",428002,"",
2023/10/27,891278,,"ﾍﾟｲﾍﾟｲｶ-ﾄﾞ",26752,"",
2023/10/27,6428,,"ﾍﾟｲﾍﾟｲｶ-ﾄﾞ",918030,"",
2023/10/26,,580000,"振込　ｸﾞｴﾝ ﾃｲ ﾊ-",924458,"",
2023/10/26,,205000,"振込　ｸﾞｴﾝ ﾎｱﾝ ﾍﾞﾄ ｶｲﾝ",344458,"",
2023/10/26,277760,,"ﾐﾂｲｽﾐﾄﾓｶ-ﾄﾞ (ｶ",139458,"",
2023/10/26,21312,,"ﾐﾂｲｽﾐﾄﾓｶ-ﾄﾞ (ｶ",417218,"",
2023/10/25,,300000,"振込　ｸﾞｴﾝ ﾎｱﾝ ﾍﾞﾄ ｶｲﾝ",438530,"",
2023/10/17,,22023,"振込　ﾒﾙﾍﾟｲ(ﾒﾙｶﾘ",138530,"",
2023/10/17,,46728,"振込　ﾍﾟｲﾍﾟｲ",116507,"",
2023/10/12,103902,,"DF.ﾍﾟｲﾃﾞｲ-",69779,"",
2023/10/10,,30000,"振込　ｸﾞｴﾝ ﾎｱﾝ ﾍﾞﾄ ｶｲﾝ",173681,"",
2023/10/10,,11162,"振込　ﾍﾟｲﾍﾟｲ",143681,"",
2023/10/10,9368,,"ﾐﾂｲｽﾐﾄﾓｶ-ﾄﾞ (ｶ",132519,"",
2023/10/8,20000,,"パソコン振込 ｶ) ｴｽﾋﾞ-ｱｲｼﾖｳｹﾝ",141887,"",
2023/10/6,,50000,"振込　ｸﾞｴﾝ ﾎｱﾝ ﾍﾞﾄ ｶｲﾝ",161887,"",
2023/10/4,19025,,"ｶ)ﾋﾞﾕ-ｶ-ﾄﾞ",111887,"",
2023/9/29,350000,,"パソコン振込 ｸﾞｴﾝ ﾎｱﾝ ﾍﾞﾄ ｶｲﾝ",130912,"",
2023/9/29,,390000,"振込　ｶ)ｲﾝｸﾞ",480912,"",
2023/9/28,14000,,"カード　ｾﾌﾞﾝBK018G",90912,"",
2023/9/28,,100000,"振込　ﾍﾟｲﾍﾟｲ",104912,"",
2023/9/27,298601,,"ﾍﾟｲﾍﾟｲｶ-ﾄﾞ",4912,"",
2023/9/27,37998,,"ﾍﾟｲﾍﾟｲｶ-ﾄﾞ",303513,"",
2023/9/27,49634,,"ﾗｸﾃﾝｶ-ﾄﾞｻ-ﾋﾞｽ",341511,"",
2023/9/26,,20000,"振込　ｸﾞｴﾝ ﾃｲ ﾊ-",391145,"",
2023/9/26,,190000,"振込　ｸﾞｴﾝ ﾎｱﾝ ﾍﾞﾄ ｶｲﾝ",371145,"",
2023/9/26,108795,,"ﾐﾂｲｽﾐﾄﾓｶ-ﾄﾞ (ｶ",181145,"",
2023/9/26,11997,,"ﾐﾂｲｽﾐﾄﾓｶ-ﾄﾞ (ｶ",289940,"",
2023/9/25,,300000,"振込　ｸﾞｴﾝ ﾎｱﾝ ﾍﾞﾄ ｶｲﾝ",301937,"",
2023/9/12,47575,,"DF.ﾍﾟｲﾃﾞｲ-",1937,"",
2023/9/11,,26000,"振込　ｸﾞｴﾝ ﾃｲ ﾊ-",49512,"",
2023/9/11,21445,,"ﾐﾂｲｽﾐﾄﾓｶ-ﾄﾞ (ｶ",23512,"",
2023/9/6,1666,,"ﾒﾙﾍﾟｲ",44957,"",
2023/9/5,,11250,"振込　ﾄｳﾃﾞﾝ2043300",46623,"",
2023/9/4,28269,,"ｶ)ﾋﾞﾕ-ｶ-ﾄﾞ",35373,"",
2023/8/31,200000,,"パソコン振込 ｸﾞｴﾝ ﾃｲ ﾊ-",63642,"",
2023/8/31,116000,,"パソコン振込 ｸﾞｴﾝ ﾎｱﾝ ﾍﾞﾄ ｶｲﾝ",263642,"",
2023/8/31,,375450,"振込　ｶ)ｲﾝｸﾞ",379642,"",
2023/8/28,85328,,"ﾍﾟｲﾍﾟｲｶ-ﾄﾞ",4192,"",
2023/8/28,17168,,"ﾗｸﾃﾝｶ-ﾄﾞｻ-ﾋﾞｽ",89520,"",
2023/8/28,332240,,"ﾐﾂｲｽﾐﾄﾓｶ-ﾄﾞ (ｶ",106688,"",
2023/8/28,18453,,"ﾐﾂｲｽﾐﾄﾓｶ-ﾄﾞ (ｶ",438928,"",
2023/8/27,,9780,"振込　ﾗｲﾝﾍﾟｲ(ｶ",457381,"",
2023/8/27,20000,,"パソコン振込 ｶ) ｴｽﾋﾞ-ｱｲｼﾖｳｹﾝ",447601,"",
2023/8/25,,149780,"振込　ﾗｲﾝﾍﾟｲ(ｶ",467601,"",
2023/8/25,,300000,"振込　ｸﾞｴﾝ ﾎｱﾝ ﾍﾞﾄ ｶｲﾝ",317821,"",
2023/8/24,150000,,"パソコン振込 ｸﾞｴﾝ ﾃｲ ﾊ-",17821,"",
2023/8/24,,150000,"振込　ｸﾞｴﾝ ｶｸﾌﾝ",167821,"",
2023/8/24,,15000,"振込　ﾌｱﾝ ｽﾞｲ ﾌｵﾝ",17821,"",
2023/8/24,18000,,"パソコン振込 ﾌｱﾝ ｽﾞｲ ﾌｵﾝ",2821,"",
2023/8/22,100000,,"パソコン振込 ｳﾞ- ｳﾞｱﾝ ﾀﾝ",20821,"",
2023/8/22,,100000,"振込　ｸﾞｴﾝ ﾃｲ ﾊ-",120821,"",
2023/8/15,150000,,"パソコン振込 ｸﾞｴﾝ ｶｸﾌﾝ",20821,"",
2023/8/15,,150000,"振込　ｸﾞｴﾝ ﾃｲ ﾊ-",170821,"",
2023/8/14,5000,,"ﾍﾟｲﾍﾟｲ",20821,"",
2023/8/14,8943,,"ﾒﾙﾍﾟｲ",25821,"",
2023/8/14,20636,,"DF.ﾍﾟｲﾃﾞｲ-",34764,"",
2023/8/13,,50000,"振込　ｸﾞｴﾝ ﾃｲ ﾊ-",55400,"",
2023/8/10,14132,,"ﾐﾂｲｽﾐﾄﾓｶ-ﾄﾞ (ｶ",5400,"",
2023/8/8,,3052,"振込　ﾗｲﾝﾍﾟｲ(ｶ",19532,"",
2023/8/8,,16171,"振込　ﾍﾟｲﾍﾟｲ",16480,"",
2023/8/4,2665,,"V653017　ロ―ソン　シバウラフトウ／ｉＤ",309,"",
2023/8/4,15975,,"ｶ)ﾋﾞﾕ-ｶ-ﾄﾞ",2974,"",
2023/8/1,,5000,"振込　ｸﾞｴﾝ ﾎｱﾝ ﾍﾞﾄ ｶｲﾝ",18949,"",
2023/7/31,500000,,"パソコン振込 ｸﾞｴﾝ ﾃｲ ﾊ-",13949,"",
2023/7/31,,388763,"振込　ｶ)ｲﾝｸﾞ",513949,"",
2023/7/28,,50000,"振込　ｸﾞｴﾝ ﾎｱﾝ ﾍﾞﾄ ｶｲﾝ",125186,"",
2023/7/27,89472,,"ﾍﾟｲﾍﾟｲｶ-ﾄﾞ",75186,"",
2023/7/27,6743,,"ﾗｸﾃﾝｶ-ﾄﾞｻ-ﾋﾞｽ",164658,"",
2023/7/26,111409,,"ﾐﾂｲｽﾐﾄﾓｶ-ﾄﾞ (ｶ",171401,"",
2023/7/26,18099,,"ﾐﾂｲｽﾐﾄﾓｶ-ﾄﾞ (ｶ",282810,"",
2023/7/25,,300000,"振込　ｸﾞｴﾝ ﾎｱﾝ ﾍﾞﾄ ｶｲﾝ",300909,"",
2023/7/19,15000,,"パソコン振込 ﾌｱﾝ ｽﾞｲ ﾌｵﾝ",909,"",
2023/7/19,,3000,"振込　ｸﾞｴﾝ ﾃｲ ﾊ-",15909,"",
2023/7/18,,5000,"パソコン振替　755ﾌﾂｳ8810128",12909,"",
2023/7/17,5000,,"パソコン振替　普通預金",7909,"",
2023/7/17,,8600,"振込　ﾎﾞ ﾃｲ ﾙｵﾝ",12909,"",
2023/7/12,20455,,"DF.ﾍﾟｲﾃﾞｲ-",4309,"",
2023/7/11,17996,,"ﾒﾙﾍﾟｲ",24764,"",
2023/7/11,,37000,"振込　ﾍﾟｲﾍﾟｲ",42760,"",
2023/7/10,24164,,"ﾐﾂｲｽﾐﾄﾓｶ-ﾄﾞ (ｶ",5760,"",
2023/7/6,,24604,"振込　ﾍﾟｲﾍﾟｲ",29924,"",
2023/7/4,25411,,"ｶ)ﾋﾞﾕ-ｶ-ﾄﾞ",5320,"",
2023/6/30,500000,,"パソコン振込 ｸﾞｴﾝ ﾃｲ ﾊ-",30731,"",
2023/6/30,,393750,"振込　ｶ)ｲﾝｸﾞ",530731,"",
2023/6/27,,50000,"振込　ｸﾞｴﾝ ﾎｱﾝ ﾍﾞﾄ ｶｲﾝ",136981,"",
2023/6/27,30750,,"ﾍﾟｲﾍﾟｲｶ-ﾄﾞ",86981,"",
2023/6/27,3330,,"ﾗｸﾃﾝｶ-ﾄﾞｻ-ﾋﾞｽ",117731,"",
2023/6/26,81970,,"ﾐﾂｲｽﾐﾄﾓｶ-ﾄﾞ (ｶ",121061,"",
2023/6/26,99547,,"ﾐﾂｲｽﾐﾄﾓｶ-ﾄﾞ (ｶ",203031,"",
2023/6/23,,300000,"振込　ｸﾞｴﾝ ﾎｱﾝ ﾍﾞﾄ ｶｲﾝ",302578,"",
2023/6/22,5510,,"ﾒﾙﾍﾟｲ",2578,"",
2023/6/22,15000,,"ﾗｲﾝ ﾍﾟｲ(ｶ",8088,"",
2023/6/22,,12397,"振込　ｶ)ﾁﾕｳｵｳｼﾞﾕｳﾀｸ",23088,"",
2023/6/22,,10180,"振込　ｶ)ﾋﾞﾕ-ｶ-ﾄﾞ.",10691,"",
2023/6/13,435,,"V753365　セブンイレブンコシガヤセンケ／ｉＤ",511,"",
2023/6/12,24575,,"DF.ﾍﾟｲﾃﾞｲ-",946,"",
2023/6/12,22568,,"ﾐﾂｲｽﾐﾄﾓｶ-ﾄﾞ (ｶ",25521,"",
2023/6/11,,1000,"振込　ｸﾞｴﾝ ﾃｲ ﾊ-",48089,"",
2023/6/9,210,,"V384249　セブンイレブンコシガヤセンケ／ｉＤ",47089,"",
2023/6/5,29547,,"ｶ)ﾋﾞﾕ-ｶ-ﾄﾞ",47299,"",
2023/6/2,350000,,"パソコン振込 ｸﾞｴﾝ ﾃｲ ﾊ-",76846,"",
2023/5/31,,337500,"振込　ｶ)ｲﾝｸﾞ",426846,"",
2023/5/29,42508,,"ﾍﾟｲﾍﾟｲｶ-ﾄﾞ",89346,"",
2023/5/29,19210,,"ﾗｸﾃﾝｶ-ﾄﾞｻ-ﾋﾞｽ",131854,"",
2023/5/26,9000,,"カード　ｾﾌﾞﾝBK018G",151064,"",
2023/5/26,,100000,"振込　ｸﾞｴﾝ ﾎｱﾝ ﾍﾞﾄ ｶｲﾝ",160064,"",
2023/5/26,74517,,"ﾒﾙﾍﾟｲ",60064,"",
2023/5/26,90615,,"ﾐﾂｲｽﾐﾄﾓｶ-ﾄﾞ (ｶ",134581,"",
2023/5/26,76392,,"ﾐﾂｲｽﾐﾄﾓｶ-ﾄﾞ (ｶ",225196,"",
2023/5/25,,300000,"振込　ｸﾞｴﾝ ﾎｱﾝ ﾍﾞﾄ ｶｲﾝ",301588,"",
2023/5/23,8200,,"ﾗｲﾝ ﾍﾟｲ(ｶ",1588,"",
2023/5/22,8000,,"パソコン振込 ﾜｲｽﾞﾍﾟｲﾒﾝﾂｼﾞﾔﾊﾟﾝ(ｶ",9788,"",
2023/5/22,36998,,"DF.ﾍﾟｲﾃﾞｲ-",17788,"",
2023/5/21,5000,,"ﾍﾟｲﾍﾟｲ",54786,"",
2023/5/21,,50000,"振込　ｸﾞｴﾝ ﾃｲ ﾊ-",59786,"",
2023/5/18,9000,,"カード　(607)",9786,"",
2023/5/14,330,,"カード手数料",18786,"",
2023/5/14,10000,,"カード　ｾﾌﾞﾝBK018G",19116,"",
2023/5/13,330,,"カード手数料",29116,"",
2023/5/13,6000,,"カード　ENET159351",29446,"",
2023/5/12,20000,,"カード　ｾﾌﾞﾝBK018G",35446,"",
2023/5/10,26891,,"ﾐﾂｲｽﾐﾄﾓｶ-ﾄﾞ (ｶ",55446,"",
2023/5/8,37267,,"ｶ)ﾋﾞﾕ-ｶ-ﾄﾞ",82337,"",
2023/5/2,365,,"V079229　ヨークフーズ　せんげん台店／ｉＤ",119604,"",
2023/5/1,,60000,"カード　ｾﾌﾞﾝBK018G",119969,"",
2023/5/1,300000,,"カード　(344)",59969,"",
2023/4/28,52000,,"パソコン振込 ｸﾞｴﾝ ﾎｱﾝ ﾍﾞﾄ ｶｲﾝ",359969,"",
2023/4/28,,397500,"振込　ｶ)ｲﾝｸﾞ",411969,"",
2023/4/27,7000,,"カード　ｾﾌﾞﾝBK018G",14469,"",
2023/4/27,33750,,"ﾍﾟｲﾍﾟｲｶ-ﾄﾞ",21469,"",
2023/4/27,18198,,"ﾗｸﾃﾝｶ-ﾄﾞｻ-ﾋﾞｽ",55219,"",
2023/4/26,,48000,"振込　ｸﾞｴﾝ ﾎｱﾝﾍﾞﾄｶｲﾝ",73417,"",
2023/4/26,164411,,"ﾐﾂｲｽﾐﾄﾓｶ-ﾄﾞ (ｶ",25417,"",
2023/4/26,110492,,"ﾐﾂｲｽﾐﾄﾓｶ-ﾄﾞ (ｶ",189828,"",
2023/4/25,,300000,"振込　ｸﾞｴﾝ ﾎｱﾝ ﾍﾞﾄ ｶｲﾝ",300320,"",
2023/4/23,1000,,"ﾗｲﾝ ﾍﾟｲ(ｶ",320,"",
2023/4/13,20000,,"ﾗｲﾝ ﾍﾟｲ(ｶ",1320,"",
2023/4/13,,20000,"カード　ｾﾌﾞﾝBK018G",21320,"",
2023/4/12,2000,,"ﾍﾟｲﾍﾟｲ",1320,"",
2023/4/12,3000,,"ﾍﾟｲﾍﾟｲ",3320,"",
2023/4/12,19851,,"DF.ﾍﾟｲﾃﾞｲ-",6320,"",
2023/4/10,12831,,"ﾒﾙﾍﾟｲ",26171,"",
2023/4/10,,20000,"振込　ｸﾞｴﾝ ﾃｲ ﾊ-",39002,"",
2023/4/10,28585,,"ﾐﾂｲｽﾐﾄﾓｶ-ﾄﾞ (ｶ",19002,"",
2023/4/4,25365,,"ｶ)ﾋﾞﾕ-ｶ-ﾄﾞ",47587,"",
2023/4/1,1100,,"V045887　セリア　ジャパンミ−ト越谷店／ｉＤ",72952,"",
2023/3/31,450000,,"パソコン振込 ｸﾞｴﾝ ﾃｲ ﾊ-",74052,"",
2023/3/31,,70000,"振込　ｸﾞｴﾝ ﾎｱﾝ ﾍﾞﾄ ｶｲﾝ",524052,"",
2023/3/31,,335625,"振込　ｶ)ｲﾝｸﾞ",454052,"",
2023/3/27,57464,,"ﾍﾟｲﾍﾟｲｶ-ﾄﾞ",118427,"",
2023/3/27,11148,,"ﾗｸﾃﾝｶ-ﾄﾞｻ-ﾋﾞｽ",175891,"",
2023/3/27,269656,,"ﾐﾂｲｽﾐﾄﾓｶ-ﾄﾞ (ｶ",187039,"",
2023/3/26,6000,,"ﾍﾟｲﾍﾟｲ",456695,"",
2023/3/25,1000,,"ﾗｲﾝ ﾍﾟｲ(ｶ",462695,"",
2023/3/24,,250000,"振込　ｸﾞｴﾝ ﾎｱﾝ ﾍﾞﾄ ｶｲﾝ",463695,"",
2023/3/24,,50000,"振込　ｸﾞｴﾝ ﾎｱﾝ ﾍﾞﾄ ｶｲﾝ",213695,"",
2023/3/22,30000,,"パソコン振込 NGUYEN HUU MINH TRUNG",163695,"",
2023/3/19,20000,,"ﾍﾟｲﾍﾟｲ",193695,"",
2023/3/16,5000,,"ﾗｲﾝ ﾍﾟｲ(ｶ",213695,"",
2023/3/16,,46102,"振込　ｼﾔ)ﾍﾞﾄﾅﾐ-ｽﾞﾌﾟﾛﾌｴﾂｼﾖﾅﾙｽﾞｲﾝｼﾞﾔﾊﾟﾝ",218695,"",
2023/3/13,26689,,"DF.ﾍﾟｲﾃﾞｲ-",172593,"",
2023/3/12,761,,"V047610　セブンイレブンコシガヤセンケ／ｉＤ",199282,"",
2023/3/12,10000,,"カード　ｾﾌﾞﾝBK018G",200043,"",
2023/3/10,,150000,"振込　ｸﾞｴﾝ ﾎｱﾝ ﾍﾞﾄ ｶｲﾝ",210043,"",
2023/3/10,52537,,"ﾐﾂｲｽﾐﾄﾓｶ-ﾄﾞ (ｶ",60043,"",
2023/3/9,30000,,"パソコン振込 ﾜｲｽﾞﾍﾟｲﾒﾝﾂｼﾞﾔﾊﾟﾝ(ｶ",112580,"",
2023/3/8,210,,"V622839　セブンイレブンコシガヤセンケ／ｉＤ",142580,"",
2023/3/7,1566,,"V379277　ヨークフーズ　せんげん台店／ｉＤ",142790,"",
2023/3/7,374,,"V269283　フアミリ―マ―トエビスイツチヨウ／ｉＤ",144356,"",
2023/3/7,1700,,"V198411　ＴＨＥ　ＰＩＧ　＆　ＴＨＥ　ＬＡＤＹ／ｉ",144730,"",
2023/3/7,595,,"V099035　セブンイレブンシブヤエビス／ｉＤ",146430,"",
2023/3/6,18000,,"ｶ)ﾋﾞﾕ-ｶ-ﾄﾞ",147025,"",
2023/3/4,1000,,"ﾗｲﾝ ﾍﾟｲ(ｶ",165025,"",
2023/3/4,20000,,"パソコン振込 ｳﾞ- ｳﾞｱﾝ ﾀﾝ",166025,"",
2023/3/3,20000,,"ﾗｲﾝ ﾍﾟｲ(ｶ",186025,"",
2023/3/2,,150000,"振込　ｸﾞｴﾝ ﾎｱﾝ ﾍﾞﾄ ｶｲﾝ",206025,"",
2023/3/1,59980,,"ﾒﾙﾍﾟｲ",56025,"",
2023/2/28,500000,,"パソコン振込 ｸﾞｴﾝ ﾃｲ ﾊ-",116005,"",
2023/2/28,,355313,"振込　ｶ)ｲﾝｸﾞ",616005,"",
2023/2/27,31158,,"ﾍﾟｲﾍﾟｲｶ-ﾄﾞ",260692,"",
2023/2/27,16287,,"ﾗｸﾃﾝｶ-ﾄﾞｻ-ﾋﾞｽ",291850,"",
2023/2/27,193637,,"ﾐﾂｲｽﾐﾄﾓｶ-ﾄﾞ (ｶ",308137,"",
2023/2/27,,109389,"振込　ﾄﾞｸ)ﾄｼｻｲｾｲｷｺｳﾋｶﾞｼﾆﾎﾝﾁﾝﾀｲｼﾞﾕｳﾀｸ",501774,"",
2023/2/23,3000,,"ﾗｲﾝ ﾍﾟｲ(ｶ",392385,"",
2023/2/23,1000,,"ﾗｲﾝ ﾍﾟｲ(ｶ",395385,"",
2023/2/20,,250000,"振込　ｸﾞｴﾝ ﾎｱﾝ ﾍﾞﾄ ｶｲﾝ",396385,"",
2023/2/20,,3,"普通預金利息",146385,"",
2023/2/13,25271,,"DF.ﾍﾟｲﾃﾞｲ-",146382,"",
2023/2/10,10000,,"ﾍﾟｲﾍﾟｲ",171653,"",
2023/2/10,3300,,"(ｶ) ｼﾞｴ-ｼ-ﾋﾞ-",181653,"",
2023/2/10,930,,"ﾐﾂｲｽﾐﾄﾓｶ-ﾄﾞ (ｶ",184953,"",
2023/2/9,,28000,"振込　ｸﾞｴﾝ ﾎｱﾝ ﾍﾞﾄ ｶｲﾝ",185883,"",
2023/2/8,165,,"振込手数料",157883,"",
2023/2/8,29000,,"パソコン振込 ﾜｲｽﾞﾍﾟｲﾒﾝﾂｼﾞﾔﾊﾟﾝ(ｶ",158048,"",
2023/2/6,18000,,"ｶ)ﾋﾞﾕ-ｶ-ﾄﾞ",187048,"",
2023/2/1,165,,"振込手数料",205048,"",
2023/2/1,524,,"パソコン振込 ｶ)ｷﾔﾝﾃﾞｲﾙﾃｸﾄ",205213,"",
2023/2/1,100895,,"ﾒﾙﾍﾟｲ",205737,"",
2023/1/31,200000,,"パソコン振込 ﾏｲ ｳﾞｱﾝ ﾄｳﾝ",306632,"",
2023/1/31,,337500,"振込　ｶ)ｲﾝｸﾞ",506632,"",
2023/1/29,1000,,"ﾗｲﾝ ﾍﾟｲ(ｶ",169132,"",
2023/1/27,12775,,"ﾍﾟｲﾍﾟｲｶ-ﾄﾞ",170132,"",
2023/1/27,374182,,"ﾗｸﾃﾝｶ-ﾄﾞｻ-ﾋﾞｽ",182907,"",
2023/1/26,,200000,"カード　(664)",557089,"",
2023/1/26,500000,,"パソコン振込 ﾄﾞｱﾝ ﾐﾝ ﾄｳｱﾝ",357089,"",
2023/1/26,330,,"振込手数料",857089,"",
2023/1/26,500000,,"パソコン振込 ｸﾞｴﾝ ﾊﾞﾂｸ",857419,"",
2023/1/26,,600000,"振込　ﾗｲﾝﾍﾟｲ(ｶ",1357419,"",
2023/1/26,27133,,"ﾐﾂｲｽﾐﾄﾓｶ-ﾄﾞ (ｶ",757419,"",
2023/1/23,4000,,"ﾗｲﾝ ﾍﾟｲ(ｶ",784552,"",
2023/1/21,100000,,"カード　(664)",788552,"",
2023/1/20,1000,,"ﾗｲﾝ ﾍﾟｲ(ｶ",888552,"",
2023/1/20,76248,,"DF.ﾍﾟｲﾃﾞｲ-",889552,"",
2023/1/19,165,,"振込手数料",965800,"",
2023/1/19,17000,,"パソコン振込 ﾜｲｽﾞﾍﾟｲﾒﾝﾂｼﾞﾔﾊﾟﾝ(ｶ",965965,"",
2023/1/17,165,,"振込手数料",982965,"",
2023/1/17,20000,,"パソコン振込 ﾜｲｽﾞﾍﾟｲﾒﾝﾂｼﾞﾔﾊﾟﾝ(ｶ",983130,"",
2023/1/14,2000,,"ﾗｲﾝ ﾍﾟｲ(ｶ",1003130,"",
2023/1/12,330,,"振込手数料",1005130,"",
2023/1/12,150000,,"パソコン振込 ﾜｲｽﾞﾍﾟｲﾒﾝﾂｼﾞﾔﾊﾟﾝ(ｶ",1005460,"",
2023/1/12,,120660,"振込　ﾐｱﾂﾄ ﾓﾝｺﾞﾘｱﾝ ｴｱﾗｲﾝｽﾞ",1155460,"",
2023/1/12,1000,,"ﾍﾟｲﾍﾟｲ",1034800,"",
2023/1/10,7700,,"ﾐﾂｲｽﾐﾄﾓｶ-ﾄﾞ (ｶ",1035800,"",
2023/1/7,10000,,"ﾍﾟｲﾍﾟｲ",1043500,"",
2023/1/4,10000,,"ｶ)ﾋﾞﾕ-ｶ-ﾄﾞ",1053500,"",
2023/1/1,24587,,"ﾒﾙﾍﾟｲ",1063500,"",
2023/1/1,6000,,"ﾍﾟｲﾍﾟｲ",1088087,"",
2022/12/31,5000,,"ﾗｲﾝ ﾍﾟｲ(ｶ",1094087,"",
2022/12/30,,334500,"振込　ｶ)ｲﾝｸﾞ",1099087,"",
2022/12/27,5000,,"ﾍﾟｲﾍﾟｲ",764587,"",
2022/12/27,23848,,"ﾍﾟｲﾍﾟｲｶ-ﾄﾞ",769587,"",
2022/12/27,119206,,"ﾗｸﾃﾝｶ-ﾄﾞｻ-ﾋﾞｽ",793435,"",
2022/12/26,11000,,"ﾍﾟｲﾍﾟｲ",912641,"",
2022/12/26,31367,,"ﾐﾂｲｽﾐﾄﾓｶ-ﾄﾞ (ｶ",923641,"",
2022/12/24,6000,,"ﾍﾟｲﾍﾟｲ",955008,"",
2022/12/23,2000,,"ﾍﾟｲﾍﾟｲ",961008,"",
2022/12/23,330,,"振込手数料",963008,"",
2022/12/23,116000,,"パソコン振込 ﾄﾞｸ)ﾄｼｻｲｾｲｷｺｳ",963338,"",
2022/12/21,1000,,"ﾗｲﾝ ﾍﾟｲ(ｶ",1079338,"",
2022/12/14,3000,,"ﾗｲﾝ ﾍﾟｲ(ｶ",1080338,"",
2022/12/14,10000,,"ﾍﾟｲﾍﾟｲ",1083338,"",
2022/12/12,2610,,"(ｶ) ｼﾞｴ-ｼ-ﾋﾞ-",1093338,"",
2022/12/12,12018,,"DF.ﾍﾟｲﾃﾞｲ-",1095948,"",
2022/12/12,4550,,"ﾐﾂｲｽﾐﾄﾓｶ-ﾄﾞ (ｶ",1107966,"",
2022/12/11,5000,,"ﾗｲﾝ ﾍﾟｲ(ｶ",1112516,"",
2022/12/11,4650,,"ﾒﾙﾍﾟｲ",1117516,"",
2022/12/10,8000,,"カード　(624)",1122166,"",
2022/12/7,1000,,"ﾗｲﾝ ﾍﾟｲ(ｶ",1130166,"",
2022/12/7,2000,,"ﾍﾟｲﾍﾟｲ",1131166,"",
2022/12/5,3000,,"ﾗｲﾝ ﾍﾟｲ(ｶ",1133166,"",
2022/12/5,35000,,"ｶ)ﾋﾞﾕ-ｶ-ﾄﾞ",1136166,"",
2022/12/4,1000,,"ﾗｲﾝ ﾍﾟｲ(ｶ",1171166,"",
2022/12/4,3000,,"ﾍﾟｲﾍﾟｲ",1172166,"",
2022/12/3,2000,,"ﾗｲﾝ ﾍﾟｲ(ｶ",1175166,"",
2022/12/3,330,,"振込手数料",1177166,"",
2022/12/3,30000,,"パソコン振込 ｼﾞﾕｳﾀｸﾋﾝｼﾂﾎｼﾖｳ(ｶ",1177496,"",
2022/12/2,2000,,"ﾍﾟｲﾍﾟｲ",1207496,"",
2022/11/30,5000,,"ﾗｲﾝ ﾍﾟｲ(ｶ",1209496,"",
2022/11/30,1000,,"ﾍﾟｲﾍﾟｲ",1214496,"",
2022/11/30,,427500,"振込　ｶ)ｲﾝｸﾞ",1215496,"",
2022/11/28,3000,,"ﾗｲﾝ ﾍﾟｲ(ｶ",787996,"",
2022/11/28,56317,,"ﾍﾟｲﾍﾟｲｶ-ﾄﾞ",790996,"",
2022/11/28,97423,,"ﾗｸﾃﾝｶ-ﾄﾞｻ-ﾋﾞｽ",847313,"",
2022/11/28,72848,,"ﾐﾂｲｽﾐﾄﾓｶ-ﾄﾞ (ｶ",944736,"",
2022/11/25,330,,"振込手数料",1017584,"",
2022/11/25,116000,,"パソコン振込 ﾄﾞｸ)ﾄｼｻｲｾｲｷｺｳ",1017914,"",
2022/11/24,3000,,"ﾍﾟｲﾍﾟｲ",1133914,"",
2022/11/23,5000,,"ﾗｲﾝ ﾍﾟｲ(ｶ",1136914,"",
2022/11/22,5000,,"ﾍﾟｲﾍﾟｲ",1141914,"",
2022/11/22,2000,,"ﾗｲﾝ ﾍﾟｲ(ｶ",1146914,"",
2022/11/18,5000,,"ﾗｲﾝ ﾍﾟｲ(ｶ",1148914,"",
2022/11/14,8244,,"DF.ﾍﾟｲﾃﾞｲ-",1153914,"",
2022/11/13,5000,,"ﾗｲﾝ ﾍﾟｲ(ｶ",1162158,"",
2022/11/12,1000,,"ﾗｲﾝ ﾍﾟｲ(ｶ",1167158,"",
2022/11/10,,16891,"振込　ﾀｲ ﾊﾞ- ｳﾞｲｴﾂﾄ",1168158,"",
2022/11/10,4000,,"ﾗｲﾝ ﾍﾟｲ(ｶ",1151267,"",
2022/11/10,5000,,"ﾍﾟｲﾍﾟｲ",1155267,"",
2022/11/10,,9395,"振込　ｸﾞｴﾝ ﾁﾔﾝ ｳﾞｲｴﾄ ﾁﾝ",1160267,"",
2022/11/10,650,,"ﾐﾂｲｽﾐﾄﾓｶ-ﾄﾞ (ｶ",1150872,"",
2022/11/9,1000,,"ﾗｲﾝ ﾍﾟｲ(ｶ",1151522,"",
2022/11/7,,11400,"振込　ﾘﾕ ｺﾞﾂｸ ﾏﾝ",1152522,"",
2022/11/4,24150,,"ｶ)ﾋﾞﾕ-ｶ-ﾄﾞ",1141122,"",
2022/10/31,,367500,"振込　ｶ)ｲﾝｸﾞ",1165272,"",
2022/10/29,2000,,"ﾍﾟｲﾍﾟｲ",797772,"",
2022/10/27,1000,,"ﾗｲﾝ ﾍﾟｲ(ｶ",799772,"",
2022/10/27,229100,,"ﾍﾟｲﾍﾟｲｶ-ﾄﾞ",800772,"",
2022/10/27,155814,,"ﾗｸﾃﾝｶ-ﾄﾞｻ-ﾋﾞｽ",1029872,"",
2022/10/26,,24874,"振込　ｼﾔ)ﾍﾞﾄﾅﾐ-ｽﾞﾌﾟﾛﾌｴﾂｼﾖﾅﾙｽﾞｲﾝｼﾞﾔﾊﾟﾝ",1185686,"",
2022/10/26,33826,,"ﾐﾂｲｽﾐﾄﾓｶ-ﾄﾞ (ｶ",1160812,"",
2022/10/25,330,,"振込手数料",1194638,"",
2022/10/25,116000,,"パソコン振込 ﾄﾞｸ)ﾄｼｻｲｾｲｷｺｳ",1194968,"",
2022/10/25,,521650,"振込　ｳｴﾙｽﾊﾟ-ｸ(ｶ",1310968,"",
2022/10/22,3000,,"ﾗｲﾝ ﾍﾟｲ(ｶ",789318,"",
2022/10/12,15975,,"DF.ﾍﾟｲﾃﾞｲ-",792318,"",
2022/10/11,1430,,"ﾐﾂｲｽﾐﾄﾓｶ-ﾄﾞ (ｶ",808293,"",
2022/10/10,1000,,"ﾗｲﾝ ﾍﾟｲ(ｶ",809723,"",
2022/10/7,1000,,"ﾍﾟｲﾍﾟｲ",810723,"",
2022/10/4,13284,,"ｶ)ﾋﾞﾕ-ｶ-ﾄﾞ",811723,"",
2022/10/3,,8000,"振込　ｼﾔ)ﾍﾞﾄﾅﾐ-ｽﾞﾌﾟﾛﾌｴﾂｼﾖﾅﾙｽﾞｲﾝｼﾞﾔﾊﾟﾝ",825007,"",
2022/10/2,40566,,"パソコン振込 ﾂﾞ- ｶﾑ ﾎﾝ",817007,"",
2022/9/30,,107060,"振込　ｸﾞｴﾝ ﾎｱﾝ ﾍﾞﾄ ｶｲﾝ",857573,"",
2022/9/30,,371250,"振込　ｶ)ｲﾝｸﾞ",750513,"",
2022/9/29,330,,"振込手数料",379263,"",
2022/9/29,116000,,"パソコン振込 ﾄﾞｸ)ﾄｼｻｲｾｲｷｺｳ",379593,"",
2022/9/27,1000,,"ﾍﾟｲﾍﾟｲ",495593,"",
2022/9/27,,83246,"振込　ｼﾔ)ﾍﾞﾄﾅﾐ-ｽﾞﾌﾟﾛﾌｴﾂｼﾖﾅﾙｽﾞｲﾝｼﾞﾔﾊﾟﾝ",496593,"",
2022/9/27,185836,,"ﾍﾟｲﾍﾟｲｶ-ﾄﾞ",413347,"",
2022/9/27,198277,,"ﾗｸﾃﾝｶ-ﾄﾞｻ-ﾋﾞｽ",599183,"",
2022/9/26,85263,,"ﾐﾂｲｽﾐﾄﾓｶ-ﾄﾞ (ｶ",797460,"",
2022/9/22,,511736,"振込　ｳｴﾙｽﾊﾟ-ｸ(ｶ",882723,"",
2022/9/12,43691,,"DF.ﾍﾟｲﾃﾞｲ-",370987,"",
2022/9/12,2276,,"ﾐﾂｲｽﾐﾄﾓｶ-ﾄﾞ (ｶ",414678,"",
2022/9/11,220,,"カード手数料",416954,"",
2022/9/11,9000,,"カード　ｻｲﾀﾏﾘｿﾅ",417174,"",
2022/9/5,2327,,"ﾍﾟｲﾍﾟｲ",426174,"",
2022/9/5,17150,,"ｶ)ﾋﾞﾕ-ｶ-ﾄﾞ",428501,"",
2022/9/1,1000,,"ﾍﾟｲﾍﾟｲ",445651,"",
2022/8/31,,312375,"振込　ｶ)ｲﾝｸﾞ",446651,"",
2022/8/30,1000,,"ﾍﾟｲﾍﾟｲ",134276,"",
2022/8/29,330,,"振込手数料",135276,"",
2022/8/29,100000,,"パソコン振込 ﾄﾞｸ)ﾄｼｻｲｾｲｷｺｳ",135606,"",
2022/8/29,188348,,"ﾍﾟｲﾍﾟｲｶ-ﾄﾞ",235606,"",
2022/8/29,168154,,"ﾗｸﾃﾝｶ-ﾄﾞｻ-ﾋﾞｽ",423954,"",
2022/8/27,30000,,"ﾗｲﾝ ﾍﾟｲ(ｶ",592108,"",
2022/8/27,20000,,"ﾗｲﾝ ﾍﾟｲ(ｶ",622108,"",
2022/8/26,,2700,"振込　ｸﾞｴﾝ ﾐﾝ ﾀﾑ",642108,"",
2022/8/26,1000,,"ﾗｲﾝ ﾍﾟｲ(ｶ",639408,"",
2022/8/26,,2500,"振込　ｸﾞｴﾝ ﾁﾔﾝ ｳﾞｲｴﾄ ﾁﾝ",640408,"",
2022/8/26,,2478,"振込　ｸｱﾂﾄ ﾃｲ ﾋﾞｸ ﾊﾝ",637908,"",
2022/8/26,84335,,"ﾐﾂｲｽﾐﾄﾓｶ-ﾄﾞ (ｶ",635430,"",
2022/8/25,,60000,"振込　ｸﾞｴﾝ ｶｸ ﾎｱﾝ",719765,"",
2022/8/25,,509170,"振込　ｳｴﾙｽﾊﾟ-ｸ(ｶ",659765,"",
2022/8/23,,150330,"振込　ｸﾞｴﾝ ｶｸﾌﾝ",150595,"",
2022/8/22,330,,"振込手数料",265,"",
2022/8/22,150000,,"パソコン振込 ｸﾞｴﾝ ｶｸﾌﾝ",595,"",
2022/8/22,,150000,"振込　ｸﾞｴﾝ ﾃｲ ﾊ-",150595,"",
2022/8/21,1000,,"JD /B43",595,"",
2022/8/19,30000,,"ﾗｲﾝ ﾍﾟｲ(ｶ",1595,"",
2022/8/12,4763,,"DF.ﾍﾟｲﾃﾞｲ-",31595,"",
2022/8/10,2750,,"ﾐﾂｲｽﾐﾄﾓｶ-ﾄﾞ (ｶ",36358,"",
2022/8/9,1580,,"ﾗｲﾝ ﾍﾟｲ(ｶ",39108,"",
2022/8/6,,29073,"振込　ｸﾞｴﾝ ﾎｱﾝﾍﾞﾄｶｲﾝ",40688,"",
2022/8/4,24620,,"ｶ)ﾋﾞﾕ-ｶ-ﾄﾞ",11615,"",
2022/8/1,165,,"振込手数料",36235,"",
2022/8/1,13000,,"パソコン振込 ｸﾞｴﾝﾎｱﾝﾍﾞﾄｶｲﾝ",36400,"",
2022/8/1,,47796,"振込　ﾗｲﾝﾍﾟｲ(ｶ",49400,"",
2022/7/29,200000,,"パソコン振込 ｸﾞｴﾝ ﾃｲ ﾊ-",1604,"",
2022/7/29,330,,"振込手数料",201604,"",
2022/7/29,120000,,"パソコン振込 ﾄﾞｸ)ﾄｼｻｲｾｲｷｺｳ",201934,"",
2022/7/29,,318750,"振込　ｶ)ｲﾝｸﾞ",321934,"",
2022/7/28,100,,"パソコン振込 ｶ) ﾃﾞｼﾞｶ",3184,"",
2022/7/27,129503,,"ﾍﾟｲﾍﾟｲｶ-ﾄﾞ",3284,"",
2022/7/27,368196,,"ﾗｸﾃﾝｶ-ﾄﾞｻ-ﾋﾞｽ",132787,"",
2022/7/26,68857,,"ﾐﾂｲｽﾐﾄﾓｶ-ﾄﾞ (ｶ",500983,"",
2022/7/25,,25096,"振込　ﾗｲﾝﾍﾟｲ(ｶ",569840,"",
2022/7/25,1000,,"ﾗｲﾝ ﾍﾟｲ(ｶ",544744,"",
2022/7/25,,513725,"振込　ｳｴﾙｽﾊﾟ-ｸ(ｶ",545744,"",
2022/7/23,2000,,"ﾍﾟｲﾍﾟｲ",32019,"",
2022/7/21,,14830,"振込　ｸﾞｴﾝ ﾎｱﾝ ﾍﾞﾄ ｶｲﾝ",34019,"",
2022/7/12,50192,,"DF.ﾍﾟｲﾃﾞｲ-",19189,"",
2022/7/11,,16886,"振込　ﾗｲﾝﾍﾟｲ(ｶ",69381,"",
2022/7/11,1398,,"ﾐﾂｲｽﾐﾄﾓｶ-ﾄﾞ (ｶ",52495,"",
2022/7/9,4000,,"ﾗｲﾝ ﾍﾟｲ(ｶ",53893,"",
2022/7/9,3000,,"ﾍﾟｲﾍﾟｲ",57893,"",
2022/7/8,500000,,"カード　(664)",60893,"",
2022/7/8,,500000,"振込　ﾘﾕ ｺﾞﾂｸ ﾏﾝ",560893,"",
2022/7/7,,6271,"振込　ｸﾞｴﾝ ﾎｱﾝﾍﾞﾄｶｲﾝ",60893,"",
2022/7/4,,22504,"振込　ｸﾞｴﾝ ﾎｱﾝﾍﾞﾄｶｲﾝ",54622,"",
2022/7/4,6524,,"ｶ)ﾋﾞﾕ-ｶ-ﾄﾞ",32118,"",
2022/7/1,500,,"ﾍﾟｲﾍﾟｲ",38642,"",
2022/7/1,100000,,"パソコン振込 ｸﾞｴﾝ ﾃｲ ﾊ-",39142,"",
2022/6/30,,127500,"振込　ｶ)ｲﾝｸﾞ",139142,"",
2022/6/29,9000,,"カード　(254)",11642,"",
2022/6/27,330,,"振込手数料",20642,"",
2022/6/27,120000,,"パソコン振込 ﾄﾞｸ)ﾄｼｻｲｾｲｷｺｳ",20972,"",
2022/6/27,130056,,"ﾍﾟｲﾍﾟｲｶ-ﾄﾞ",140972,"",
2022/6/27,247177,,"ﾗｸﾃﾝｶ-ﾄﾞｻ-ﾋﾞｽ",271028,"",
2022/6/27,70978,,"ﾐﾂｲｽﾐﾄﾓｶ-ﾄﾞ (ｶ",518205,"",
2022/6/25,3600,,"ﾗｲﾝ ﾍﾟｲ(ｶ",589183,"",
2022/6/24,,508369,"振込　ｳｴﾙｽﾊﾟ-ｸ(ｶ",592783,"",
2022/6/20,16000,,"カード　(664)",84414,"",
2022/6/13,70877,,"DF.ﾍﾟｲﾃﾞｲ-",100414,"",
2022/6/10,9000,,"カード　(664)",171291,"",
2022/6/10,6000,,"(ｶ) ｼﾞｴ-ｼ-ﾋﾞ-",180291,"",
2022/6/10,250,,"ﾐﾂｲｽﾐﾄﾓｶ-ﾄﾞ (ｶ",186291,"",
2022/6/6,10000,,"ｶ)ﾋﾞﾕ-ｶ-ﾄﾞ",186541,"",
2022/6/2,4000,,"パソコン振込 ｸﾞｴﾝ ｿﾝ ﾁﾕｳﾝ",196541,"",
2022/6/1,90000,,"ﾗｲﾝ ﾍﾟｲ(ｶ",200541,"",
2022/5/31,330,,"振込手数料",290541,"",
2022/5/31,120000,,"パソコン振込 ﾄﾞｸ)ﾄｼｻｲｾｲｷｺｳ",290871,"",
2022/5/31,,400013,"振込　ｶ)ｲﾝｸﾞ",410871,"",ネイビー
2022/5/27,90184,,"ﾍﾟｲﾍﾟｲｶ-ﾄﾞ",10858,"",
2022/5/27,352768,,"ﾗｸﾃﾝｶ-ﾄﾞｻ-ﾋﾞｽ",101042,"",
2022/5/26,,14000,"カード　ｾﾌﾞﾝBK0DCO",453810,"",
2022/5/26,194863,,"ﾐﾂｲｽﾐﾄﾓｶ-ﾄﾞ (ｶ",439810,"",
2022/5/25,,520270,"振込　ｳｴﾙｽﾊﾟ-ｸ(ｶ",634673,"",
2022/5/20,88555,,"DF.ﾍﾟｲﾃﾞｲ-",114403,"",
2022/5/11,330,,"振込手数料",202958,"",
2022/5/11,85000,,"パソコン振込 ｸﾞｴﾝﾎｱﾝﾍﾞﾄｶｲﾝ",203288,"",
2022/5/10,,5830,"振込　ﾍﾝﾋﾟﾝ) ﾐﾂｲｽﾐﾄﾓｶ-ﾄﾞ(ｶ",288288,"",
2022/5/6,9000,,"ｶ)ﾋﾞﾕ-ｶ-ﾄﾞ",282458,"",
2022/5/2,100000,,"パソコン振込 ｶ) ﾃﾞｲｺﾐﾕﾆｹ-ｼﾖﾝｽﾞ",291458,"",
2022/4/28,159000,,"カード　(664)",391458,"",
2022/4/28,330,,"振込手数料",550458,"",
2022/4/28,120000,,"パソコン振込 ﾄﾞｸ)ﾄｼｻｲｾｲｷｺｳ",550788,"",
2022/4/28,,585000,"振込　ｶ)ｲﾝｸﾞ",670788,"",
2022/4/27,50000,,"ﾗｲﾝ ﾍﾟｲ(ｶ",85788,"",
2022/4/27,90186,,"ﾍﾟｲﾍﾟｲｶ-ﾄﾞ",135788,"",
2022/4/27,202967,,"ﾗｸﾃﾝｶ-ﾄﾞｻ-ﾋﾞｽ",225974,"",
2022/4/26,50000,,"ﾗｲﾝ ﾍﾟｲ(ｶ",428941,"",
2022/4/26,134018,,"ﾐﾂｲｽﾐﾄﾓｶ-ﾄﾞ (ｶ",478941,"",
2022/4/25,,100000,"振込　ﾚ ｳﾞｱﾝ ﾊ",612959,"",
2022/4/25,19000,,"カード　(664)",512959,"",
2022/4/25,,520270,"振込　ｳｴﾙｽﾊﾟ-ｸ(ｶ",531959,"",
2022/4/23,3000,,"ﾗｲﾝ ﾍﾟｲ(ｶ",11689,"",
2022/4/20,20000,,"ﾗｲﾝ ﾍﾟｲ(ｶ",14689,"",
2022/4/12,32653,,"DF.ﾍﾟｲﾃﾞｲ-",34689,"",
2022/4/11,250,,"ﾐﾂｲｽﾐﾄﾓｶ-ﾄﾞ (ｶ",67342,"",
2022/4/7,50000,,"パソコン振込 ｶ) ｸﾗｳﾄﾞﾘｱﾙﾃｲ,ｼﾕﾂｼｷﾝｸﾞﾁ",67592,"",
2022/4/5,40000,,"ﾗｲﾝ ﾍﾟｲ(ｶ",117592,"",
2022/4/4,30000,,"パソコン振込 ｶ) ﾃﾞｲｺﾐﾕﾆｹ-ｼﾖﾝｽﾞ",157592,"",
2022/4/4,3000,,"ｶ)ﾋﾞﾕ-ｶ-ﾄﾞ",187592,"",
2022/4/3,1000,,"ﾗｲﾝ ﾍﾟｲ(ｶ",190592,"",
2022/4/2,19000,,"カード　ﾛ-ｿﾝ247445",191592,"",
2022/3/31,180000,,"パソコン振込 ｶ) ﾃﾞｲｺﾐﾕﾆｹ-ｼﾖﾝｽﾞ",210592,"",
2022/3/31,330,,"振込手数料",390592,"",
2022/3/31,120000,,"パソコン振込 ﾄﾞｸ)ﾄｼｻｲｾｲｷｺｳ",390922,"",
2022/3/31,,487500,"振込　ｶ)ｲﾝｸﾞ",510922,"",
2022/3/28,39203,,"ﾍﾟｲﾍﾟｲｶ-ﾄﾞ",23422,"",
2022/3/28,332920,,"ﾗｸﾃﾝｶ-ﾄﾞｻ-ﾋﾞｽ",62625,"",
2022/3/28,153354,,"ﾐﾂｲｽﾐﾄﾓｶ-ﾄﾞ (ｶ",395545,"",
2022/3/26,1000,,"ﾗｲﾝ ﾍﾟｲ(ｶ",548899,"",
2022/3/25,,521125,"振込　ｳｴﾙｽﾊﾟ-ｸ(ｶ",549899,"",
2022/3/14,8000,,"ﾗｲﾝ ﾍﾟｲ(ｶ",28774,"",
2022/3/14,2476,,"DF.ﾍﾟｲﾃﾞｲ-",36774,"",
2022/3/10,330,,"振込手数料",39250,"",
2022/3/10,100000,,"パソコン振込 ﾚ ｳﾞｱﾝ ﾊ",39580,"",
2022/3/10,250,,"ﾐﾂｲｽﾐﾄﾓｶ-ﾄﾞ (ｶ",139580,"",
2022/3/4,21000,,"ｶ)ﾋﾞﾕ-ｶ-ﾄﾞ",139830,"",
2022/2/28,200000,,"パソコン振込 ｸﾞｴﾝ ﾃｲ ﾊ-",160830,"",
2022/2/28,,320000,"振込　ｸﾞｴﾝ ﾎｱﾝ ﾍﾞﾄ ｶｲﾝ",360830,"",
2022/2/28,38287,,"ﾍﾟｲﾍﾟｲｶ-ﾄﾞ",40830,"",
2022/2/28,346770,,"ﾗｸﾃﾝｶ-ﾄﾞｻ-ﾋﾞｽ",79117,"",
2022/2/28,177797,,"ﾐﾂｲｽﾐﾄﾓｶ-ﾄﾞ (ｶ",425887,"",
2022/2/25,30000,,"ﾗｲﾝ ﾍﾟｲ(ｶ",603684,"",
2022/2/25,,592130,"振込　ｳｴﾙｽﾊﾟ-ｸ(ｶ",633684,"",
2022/2/23,30000,,"ﾗｲﾝ ﾍﾟｲ(ｶ",41554,"",
2022/2/22,165,,"振込手数料",71554,"",
2022/2/22,200,,"パソコン振込 ﾄﾞｸ)ﾄｼｻｲｾｲｷｺｳ",71719,"",
2022/2/14,4283,,"DF.ﾍﾟｲﾃﾞｲ-",71919,"",
2022/2/10,4300,,"(ｶ) ｼﾞｴ-ｼ-ﾋﾞ-",76202,"",
2022/2/9,330,,"振込手数料",80502,"",
2022/2/9,116170,,"パソコン振込 ﾄﾞｸ)ﾄｼｻｲｾｲｷｺｳ",80832,"",
2022/1/31,194393,,"ﾗｸﾃﾝｶ-ﾄﾞｻ-ﾋﾞｽ",197002,"",
2022/1/31,,380000,"振込　ｸﾞｴﾝ ﾎｱﾝ ﾍﾞﾄ ｶｲﾝ",391395,"",
2022/1/31,330,,"振込手数料",11395,"",
2022/1/31,116100,,"パソコン振込 ﾄﾞｸ)ﾄｼｻｲｾｲｷｺｳ",11725,"",
2022/1/29,4300,,"ﾗｲﾝ ﾍﾟｲ(ｶ",127825,"",
2022/1/29,,32885,"振込　ｼﾔ)ﾍﾞﾄﾅﾐ-ｽﾞﾌﾟﾛﾌｴﾂｼﾖﾅﾙｽﾞｲﾝｼﾞﾔﾊﾟﾝ",132125,"",
2022/1/27,16499,,"ﾍﾟｲﾍﾟｲｶ-ﾄﾞ",99240,"",
2022/1/27,,165,"振込　ﾌﾘｺﾐﾃｽｳﾘﾖｳﾍﾝｷﾝ 12/27-1/9",115739,"",
2022/1/26,110855,,"ﾐﾂｲｽﾐﾄﾓｶ-ﾄﾞ (ｶ",115574,"",
2022/1/25,25000,,"パソコン振込 ｶ) ﾃﾞｲｺﾐﾕﾆｹ-ｼﾖﾝｽﾞ",226429,"",
2022/1/25,280000,,"パソコン振込 ｶ) ﾃﾞｲｺﾐﾕﾆｹ-ｼﾖﾝｽﾞ",251429,"",
2022/1/25,,500000,"振込　ｸﾞｴﾝ ﾃｲ ﾊ-",531429,"",
2022/1/24,,30000,"カード　(664)",31429,"",
2022/1/20,110,,"カード手数料",1429,"",
2022/1/20,9000,,"カード　ﾐｽﾞﾎ",1539,"",
2022/1/20,2924,,"DF.ﾍﾟｲﾃﾞｲ-",10539,"",
2022/1/18,,10000,"振込　ﾍﾟｲﾍﾟｲ",13463,"",
2022/1/17,25000,,"カード　ENET175464",3463,"",
2022/1/11,99000,,"(ｶ) ｼﾞｴ-ｼ-ﾋﾞ-",28463,"",
2022/1/11,13608,,"ﾐﾂｲｽﾐﾄﾓｶ-ﾄﾞ (ｶ",127463,"",
2022/1/10,,45697,"振込　ﾗｲﾝﾍﾟｲ(ｶ",141071,"",
2022/1/10,,39795,"振込　ﾗｲﾝﾍﾟｲ(ｶ",95374,"",
2022/1/4,31000,,"ｶ)ﾋﾞﾕ-ｶ-ﾄﾞ",55579,"",
2021/12/30,91838,,"ﾗｸﾃﾝｶ-ﾄﾞｻ-ﾋﾞｽ",86579,"",
2021/12/30,69265,,"ﾐﾂｲｽﾐﾄﾓｶ-ﾄﾞ (ｶ",178417,"",
2021/12/30,220,,"振込手数料",247682,"",
2021/12/30,16229,,"パソコン振込 ﾍﾟｲﾍﾟｲｶ-ﾄﾞ(ｶ",247902,"",
2021/12/30,440,,"振込手数料",264131,"",
2021/12/30,116100,,"パソコン振込 ﾄﾞｸ)ﾄｼｻｲｾｲｷｺｳ",264571,"",
2021/12/30,,380000,"振込　ｸﾞｴﾝ ﾎｱﾝ ﾍﾞﾄ ｶｲﾝ",380671,"",
2021/12/29,,110,"振込　ﾌﾘｺﾐﾃｽｳﾘﾖｳﾍﾝｷﾝ 11/29-12/12",671,"",
2021/12/27,10000,,"カード　ENET175464",561,"",
2021/12/27,,380,"振込　ﾗｲﾝﾍﾟｲ(ｶ",10561,"",
2021/12/27,,980,"振込　ﾗｲﾝﾍﾟｲ(ｶ",10181,"",
2021/12/25,1200,,"ﾗｲﾝ ﾍﾟｲ(ｶ",9201,"",
2021/12/23,,6277,"振込　ﾗｲﾝﾍﾟｲ(ｶ",10401,"",
2021/12/13,15447,,"DF.ﾍﾟｲﾃﾞｲ-",4124,"",
2021/12/10,10000,,"(ｶ) ｼﾞｴ-ｼ-ﾋﾞ-",19571,"",
2021/12/10,5156,,"ﾐﾂｲｽﾐﾄﾓｶ-ﾄﾞ (ｶ",29571,"",
2021/12/6,16000,,"ｶ)ﾋﾞﾕ-ｶ-ﾄﾞ",34727,"",
2021/11/30,41411,,"ﾗｸﾃﾝｶ-ﾄﾞｻ-ﾋﾞｽ",50727,"",
2021/11/30,136673,,"ﾐﾂｲｽﾐﾄﾓｶ-ﾄﾞ (ｶ",92138,"",
2021/11/30,440,,"振込手数料",228811,"",
2021/11/30,116100,,"パソコン振込 ﾄﾞｸ)ﾄｼｻｲｾｲｷｺｳ",229251,"",
2021/11/30,,340000,"振込　ｸﾞｴﾝ ﾎｱﾝ ﾍﾞﾄ ｶｲﾝ",345351,"",
2021/11/29,16128,,"ﾍﾟｲﾍﾟｲｶ-ﾄﾞ",5351,"",
2021/11/29,,55,"振込　ﾌﾘｺﾐﾃｽｳﾘﾖｳﾍﾝｷﾝ(11/1-11/14",21479,"",
2021/11/25,,15000,"振込　ｸﾞｴﾝ ﾁﾔﾝ ｳﾞｲｴﾄ ﾁﾝ",21424,"",
2021/11/22,30000,,"ﾗｲﾝ ﾍﾟｲ(ｶ",6424,"",
2021/11/12,31113,,"DF.ﾍﾟｲﾃﾞｲ-",36424,"",グリーン
2021/11/10,6010,,"ﾐﾂｲｽﾐﾄﾓｶ-ﾄﾞ (ｶ",67537,"",
2021/11/5,,58124,"振込　ｼﾔ)ﾍﾞﾄﾅﾐ-ｽﾞﾌﾟﾛﾌｴﾂｼﾖﾅﾙｽﾞｲﾝｼﾞﾔﾊﾟﾝ",73547,"",
2021/11/5,220,,"振込手数料",15423,"",
2021/11/5,15567,,"パソコン振込 ﾍﾟｲﾍﾟｲｶ-ﾄﾞ(ｶ",15643,"",
2021/11/4,3000,,"ｶ)ﾋﾞﾕ-ｶ-ﾄﾞ",31210,"",
