Date & Time,Amount Outgoing (Yen),Amount Incoming (Yen),Amount Outgoing Overseas,Currency,Exchange Rate (Yen),Country Paid In,Transaction Type,Business Name,Method,Payment Option,User,Transaction ID
2025/11/30 18:09:28,-,83,-,-,-,-,"Points, Balance Earned",Yahoo!ショッピング,PayPay Point,-,-,lp-102895974642327552-c_4ac2d1bf-f412-4da7-96ea-5de6f0d7f980_sppf
2025/11/30 18:09:27,"7,607",-,-,-,-,-,Payment,Yahoo!ショッピング,"PayPay Point (110yen), Credit Mastercard 5298 (7,497yen)",-,-,04856303776551141379
2025/11/30 13:28:52,"3,270",-,-,-,-,-,Payment,apollostation - プリテールせんげん台SS,Credit Mastercard 5298,-,-,04856159156412997646
2025/11/30 12:51:03,-,110,-,-,-,-,"Points, Balance Earned",Yahoo!ショッピング,PayPay Point,-,-,lp-102895974642327552-c_ee52bdc2-c5d7-4b29-8d10-c719d4e6ed1e_sppf
2025/11/30 12:51:02,"10,781",-,-,-,-,-,Payment,Yahoo!ショッピング,"PayPay Point (65yen), Credit Mastercard 5298 (10,716yen)",-,-,04856139657261400068
2025/11/30 10:22:58,-,38,-,-,-,-,"Points, Balance Earned",Yahoo!ショッピング,PayPay Point,-,-,lp-102895974642327552-c_65954d6d-c650-430c-885e-5b3bae5402a7_sppf
2025/11/30 10:22:58,"3,795",-,-,-,-,-,Payment,Yahoo!ショッピング,Credit Mastercard 5298,-,-,04856063344282296321
2025/11/30 09:38:59,"12,622",-,-,-,-,-,Payment,ジヤパンミートコシガヤテン,PayPay Card Gold Mastercard 5298,One-time Payment,Personal Use,PPCD_A_2025113009385900046942
2025/11/30 08:38:38,-,27,-,-,-,-,"Points, Balance Earned",Yahoo!ショッピング,PayPay Point,-,-,lp-102895974642327552-c_30ea4ec5-0fc2-42bd-85a0-ccde25b712ab_sppf
2025/11/30 08:38:38,"3,446",-,-,-,-,-,Payment,Yahoo!ショッピング,"PayPay Point (744yen), PayPay Balance (2,702yen)",-,-,04856009579881275393
2025/11/30 07:35:01,-,"1,000",-,-,-,JP,Money Received,ハナノトウ,PayPay Balance,-,-,02144828504165548032
2025/11/29 20:02:47,490,-,-,-,-,-,Payment,イオンモール - イオンモール春日部,Credit Mastercard 5298,-,-,04855620009168027655
2025/11/29 19:49:21,"5,499",-,-,-,-,-,Payment,H&M - H＆Mイオンモール春日部,Credit Mastercard 5298,-,-,04855613094270353411
2025/11/29 19:14:41,"1,315",-,-,-,-,-,Payment,イオンリテール - イオン春日部,Credit Mastercard 5298,-,-,04855595218617122823
2025/11/29 18:07:04,"1,090",-,-,-,-,-,Payment,アジアnごはん 春日部店 - イオンモール春日部店,Credit Mastercard 5298,-,-,04855560377842106368
2025/11/28 21:02:35,-,"2,000",-,-,-,JP,Money Received,ハナノトウ,PayPay Balance,-,-,02143760388749516800
2025/11/28 18:46:54,"3,753",-,-,-,-,-,Payment,餃子の王将 - 餃子の王将　せんげん台店,Credit Mastercard 5298,-,-,04854838728846966792
2025/11/28 15:19:37,420,-,-,-,-,-,Payment,EIGHT COFFEE - EIGHTCOFFEE恵比寿,Credit Mastercard 5298,-,-,04854731904420577282
2025/11/28 14:26:29,-,"1,320",-,-,-,-,Refund,日本郵便,Credit Mastercard 5298,-,-,04854702226196135944
2025/11/28 14:22:03,"1,320",-,-,-,-,-,Payment,日本郵便,Credit Mastercard 5298,-,-,04854702226196135944
2025/11/28 14:00:56,"1,070",-,-,-,-,-,Payment,日本郵便,Credit Mastercard 5298,-,-,04854691342749401096
2025/11/28 13:14:52,170,-,-,-,-,-,Payment,ジハンピ,Credit Mastercard 5298,-,-,04854667600170197000
2025/11/28 12:18:32,"1,210",-,-,-,-,-,Payment,グリーンハウスフーズ - GHF 55楼菜館,Credit Mastercard 5298,-,-,04854638574781243398
2025/11/28 11:28:30,"4,613",-,-,-,-,-,Payment,セイワミルク,PayPay Card Gold Mastercard 5298,One-time Payment,Personal Use,PPCD_A_2025112811283000789958
2025/11/28 09:42:14,"60,000",-,-,-,-,-,Invested,PayPay Securities,Credit Mastercard 5298,-,-,04854558009784164352
2025/11/28 09:42:12,"40,000",-,-,-,-,-,Invested,PayPay Securities,Credit Mastercard 5298,-,-,04854558001194098690
2025/11/28 05:34:03,"1,200",-,-,-,-,-,Payment,宝くじ公式サイト,Credit Mastercard 5298,-,-,04854430105658884096
2025/11/28 02:08:04,232,-,-,-,-,-,Invested,PayPayポイント運用,PayPay Point,-,-,04854323942656434179
2025/11/28 00:54:25,160,-,-,-,-,-,Invested,PayPayポイント運用,PayPay Point,-,-,04854285975146184706
2025/11/27 20:55:30,"1,500",-,-,-,-,-,Payment,宝くじ公式サイト,Credit Mastercard 5298,-,-,04854162847023063041
2025/11/27 11:59:37,"1,500",-,-,-,-,-,Payment,スクンビット・ソイ55,Credit Mastercard 5298,-,-,04853886646266806276
2025/11/27 01:14:55,104,-,-,-,-,-,Invested,PayPayポイント運用,PayPay Point,-,-,04853554370417147905
2025/11/27 00:34:18,812,-,-,-,-,-,Invested,PayPayポイント運用,PayPay Point,-,-,04853533445336399873
2025/11/27 00:00:00,300,-,-,-,-,-,Payment,ＥＴＣカード売上,PayPay Card Gold Mastercard 9092,One-time Payment,Personal Use,PPCD_C_202512160700003559040959
2025/11/26 17:17:21,"4,103",-,-,-,-,-,Payment,ヨークフーズ - ヨークフーズせんげん台店,Credit Mastercard 5298,-,-,04853308234431348739
2025/11/26 09:56:25,370,-,-,-,-,-,Payment,PayPayほけん,Credit Mastercard 5298,-,-,04853080987710873606
2025/11/26 09:05:29,"209,597",-,-,-,-,-,Bank Transfer,PayPay銀行 *****87,PayPay Balance,-,-,02141906457526001664
2025/11/26 09:05:03,-,"200,000",-,-,-,-,Top-Up,PayPay,スルガ銀行 *****55,-,-,02141906234188406789
2025/11/26 04:41:16,-,10,-,-,-,-,"Points, Balance Earned",Yahoo!ズバトク,PayPay Point,-,-,lp-121904701032398848-c_c07f6d19-24a5-4354-87c5-ff848ee636d2
2025/11/26 02:36:11,133,-,-,-,-,-,Invested,PayPayポイント運用,PayPay Point,-,-,04852854084589264896
2025/11/25 21:42:09,-,"8,600",-,-,-,JP,Money Received,Dung Bui,PayPay Balance,-,-,02141554270207164420
2025/11/25 21:41:58,"3,300",-,-,-,-,-,Money Sent,Hieu,PayPay Balance,-,-,02141554175717916676
2025/11/25 21:41:38,-,"6,600",-,-,-,JP,Money Received,huanvn,PayPay Balance,-,-,02141553995329249288
2025/11/25 21:36:41,"26,499",-,-,-,-,-,Payment,居酒屋 千,Credit Mastercard 5298,-,-,04852699732054171648
2025/11/25 20:27:19,-,5,-,-,-,-,"Points, Balance Earned",PayPayカード,PayPay Point,-,-,272879871015059456-244213660
2025/11/25 18:00:17,"1,180",-,-,-,-,-,Payment,なか卯 - せんげん台,Credit Mastercard 5298,-,-,04852588200343756801
2025/11/25 14:52:12,"300,000",-,-,-,-,-,Bank Transfer,PayPay銀行 *****87,PayPay Balance,-,-,02141342983586824192
2025/11/25 14:51:38,-,"300,000",-,-,-,-,Top-Up,PayPay,スルガ銀行 *****55,-,-,02141342691529342990
2025/11/25 11:36:56,"1,265",-,-,-,-,-,Payment,まきの - 天ぷらまきの新宿三井ビル,Credit Mastercard 5298,-,-,04852390614668099586
2025/11/25 09:19:08,-,734,-,-,-,-,"Points, Balance Earned",Yahoo!ショッピング,PayPay Point,-,-,lp-102895974642327552-c_0b9427c9-4299-4ddb-b3a8-b873670e9ad2_sppf
2025/11/25 09:19:07,145,-,-,-,-,-,Payment,Yahoo!ショッピング,PayPay Point,-,-,04852319593088942081
2025/11/25 09:19:06,"15,367",-,-,-,-,-,Payment,Yahoo!ショッピング - ヤフー　アルペングループヤフー店,PayPay Card Gold Mastercard 5298,One-time Payment,Personal Use,PPCD_A_2025112509190600843596
2025/11/25 00:37:16,513,-,-,-,-,-,Invested,PayPayポイント運用,PayPay Point,-,-,04852050625057423362
2025/11/24 21:16:20,"1,000",-,-,-,-,-,Payment,宝くじ公式サイト,Credit Mastercard 5298,-,-,04851947073395449856
2025/11/24 16:06:58,"2,904",-,-,-,-,-,Payment,イオンリテール - イオンレイクタウンmori,Credit Mastercard 5298,-,-,04851787627029766144
2025/11/24 15:48:44,"1,800",-,-,-,-,-,Payment,イオンリテール - イオンレイクタウンmori,Credit Mastercard 5298,-,-,04851778221051437061
2025/11/24 12:51:54,"1,560",-,-,-,-,-,Payment,しまぐるランド イオンレイクタウンmori - しまぐるランド イオンレイクタウンmori,Credit Mastercard 5298,-,-,04851687090435375104
2025/11/24 12:30:32,420,-,-,-,-,-,Payment,サーティワン アイスクリーム - イオンレイクタウン,Credit Mastercard 5298,-,-,04851676069549244421
2025/11/24 11:46:43,980,-,-,-,-,-,Payment,ヤクルト届けてネット（埼玉東部）,PayPay Card Gold Mastercard 5298,One-time Payment,Personal Use,PPCD_A_2025112411464300766587
2025/11/24 11:12:29,550,-,-,-,-,-,Payment,イオンリテール - イオンレイクタウンmori,Credit Mastercard 5298,-,-,04851635842885615624
2025/11/24 10:50:51,900,-,-,-,-,-,Payment,イオンリテール - イオンレイクタウンmori,Credit Mastercard 5298,-,-,04851624693150384134
2025/11/24 10:50:15,940,-,-,-,-,-,Payment,宝くじ公式サイト,Credit Mastercard 5298,-,-,04851624392502525953
2025/11/23 17:15:04,"12,237",-,-,-,-,-,Payment,ジヤパンミートコシガヤテン,PayPay Card Gold Mastercard 5298,One-time Payment,Personal Use,PPCD_A_2025112317150400743854
2025/11/23 15:10:39,-,16,-,-,-,-,"Points, Balance Earned",ヤクルト届けてネット（埼玉東部）,PayPay Point,-,-,PPCD_A_2025111711453700509972
2025/11/23 12:30:32,-,148,-,-,-,-,"Points, Balance Earned",焼肉レストラン 安楽亭,PayPay Point,-,-,04850933907789807617
2025/11/23 12:30:32,"7,554",-,-,-,-,-,Payment,焼肉レストラン 安楽亭 - 下間久里店,Credit Mastercard 5298,-,-,04850933907789807617
2025/11/23 06:28:34,-,1,-,-,-,-,"Points, Balance Earned",Yahoo!ズバトク,PayPay Point,-,-,lp-121904701032398848-c_cc03a7e0-4dd5-4a05-8bcf-b25a2a0a4827
2025/11/23 06:26:55,-,144,-,-,-,-,"Points, Balance Earned",Yahoo!ショッピング,PayPay Point,-,-,lp-102895974642327552-c_9018e404-b54f-40a0-aae2-5d35d0906a28_sppf
2025/11/23 06:26:54,"14,177",-,-,-,-,-,Payment,Yahoo!ショッピング,"PayPay Point (76yen), Credit Mastercard 5298 (14,101yen)",-,-,04850746492596928514
2025/11/23 00:20:25,-,24,-,-,-,-,"Points, Balance Earned",PayPayほけん,PayPay Point,-,-,04850557599935381507
2025/11/23 00:20:25,"1,300",-,-,-,-,-,Payment,PayPayほけん,Credit Mastercard 5298,-,-,04850557599935381507
2025/11/23 00:00:00,880,-,-,-,-,-,Payment,ＥＴＣカード売上,PayPay Card Gold Mastercard 9092,One-time Payment,Personal Use,PPCD_C_202512160700003559040958
2025/11/23 00:00:00,400,-,-,-,-,-,Payment,ＥＴＣカード売上,PayPay Card Gold Mastercard 9092,One-time Payment,Personal Use,PPCD_C_202512160700003559040955
2025/11/23 00:00:00,"1,240",-,-,-,-,-,Payment,ＥＴＣカード売上,PayPay Card Gold Mastercard 9092,One-time Payment,Personal Use,PPCD_C_202512160700003559040953
2025/11/23 00:00:00,860,-,-,-,-,-,Payment,ＥＴＣカード売上,PayPay Card Gold Mastercard 9092,One-time Payment,Personal Use,PPCD_C_202512160700003559040957
2025/11/23 00:00:00,"1,750",-,-,-,-,-,Payment,ＥＴＣカード売上,PayPay Card Gold Mastercard 9092,One-time Payment,Personal Use,PPCD_C_202512160700003559040954
2025/11/23 00:00:00,"1,630",-,-,-,-,-,Payment,ＥＴＣカード売上,PayPay Card Gold Mastercard 9092,One-time Payment,Personal Use,PPCD_C_202512160700003559040956
2025/11/22 14:17:38,-,76,-,-,-,-,"Points, Balance Earned",Yahoo!ショッピング,PayPay Point,-,-,lp-102895974642327552-c_08f98c80-d971-4472-99e6-23fa8111cd08_sppf
2025/11/22 14:17:38,"7,300",-,-,-,-,-,Payment,Yahoo!ショッピング,"PayPay Point (76yen), Credit Mastercard 5298 (7,224yen)",-,-,04850246927771394051
2025/11/22 00:43:07,-,111,-,-,-,-,"Points, Balance Earned",Yahoo!ショッピング,PayPay Point,-,-,04847843060345569281
2025/11/21 22:02:15,-,120,-,-,-,-,"Points, Balance Earned",宝くじ公式サイト,PayPay Point,-,-,04849744210439479296
2025/11/21 22:02:14,"6,000",-,-,-,-,-,Payment,宝くじ公式サイト,Credit Mastercard 5298,-,-,04849744210439479296
2025/11/21 19:38:37,"2,400",-,-,-,-,-,Payment,ミツイガーデンホテルギンザプレミア,PayPay Card Gold Mastercard 5298,One-time Payment,Personal Use,PPCD_A_2025112119383700850044
2025/11/21 18:37:45,-,140,-,-,-,-,"Points, Balance Earned",オーケー,PayPay Point,-,-,04849638820532084739
2025/11/21 18:37:44,"7,151",-,-,-,-,-,Payment,オーケー - 銀座,Credit Mastercard 5298,-,-,04849638820532084739
2025/11/21 18:14:51,-,12,-,-,-,-,"Points, Balance Earned",オーケー,PayPay Point,-,-,04849627026551750657
2025/11/21 18:14:51,778,-,-,-,-,-,Payment,オーケー - 銀座,Credit Mastercard 5298,-,-,04849627026551750657
2025/11/21 16:02:24,"1,320,000",-,-,-,-,-,Payment,ＳＱ＊ＳＴＡＲ　ＣＬＩＮＩＣ,PayPay Card Gold Mastercard 5298,One-time Payment,Personal Use,PPCD_A_2025112116022400538828
2025/11/21 15:12:19,-,"1,752",-,-,-,-,"Points, Balance Earned",TRIP.COM,PayPay Point,-,-,PPCD_A_2025111823010800501988
2025/11/21 15:11:47,-,"3,508",-,-,-,-,"Points, Balance Earned",TRIP.COM,PayPay Point,-,-,PPCD_A_2025111823010700501964
2025/11/21 14:56:02,"2,000,000",-,-,-,-,-,Payment,ＳＱ＊ＳＴＡＲ　ＣＬＩＮＩＣ,PayPay Card Gold Mastercard 5298,One-time Payment,Personal Use,PPCD_A_2025112114560200350542
2025/11/21 13:08:03,-,824,-,-,-,-,"Points, Balance Earned",平城苑,PayPay Point,-,-,04849468894445518851
2025/11/21 13:08:02,"41,300",-,-,-,-,-,Payment,平城苑 - 銀座５丁目店,Credit Mastercard 5298,-,-,04849468894445518851
2025/11/21 09:03:35,"2,000",-,-,-,-,-,Payment,モバイルＰＡＳＭＯチャージ,PayPay Card Gold Mastercard 5298,One-time Payment,Personal Use,PPCD_A_2025112109033500654875
2025/11/21 01:20:12,148,-,-,-,-,-,Invested,PayPayポイント運用,PayPay Point,-,-,04849104079922946048
2025/11/20 15:26:06,-,8,-,-,-,-,"Points, Balance Earned",トブチケ！,PayPay Point,-,-,PPCD_A_2025111408175500364957
2025/11/20 12:08:01,"1,390",-,-,-,-,-,Payment,穂のほまれ／ＮＦＣ,PayPay Card Gold Mastercard 5298,One-time Payment,Personal Use,PPCD_A_2025112012080100572157
2025/11/20 03:19:32,216,-,-,-,-,-,Invested,PayPayポイント運用,PayPay Point,-,-,04848423404915974147
2025/11/19 21:59:52,-,24,-,-,-,-,"Points, Balance Earned",餃子の王将　ネット・モバイル,PayPay Point,-,-,04848157366052356096
2025/11/19 18:58:25,-,48,-,-,-,-,"Points, Balance Earned",餃子の王将,PayPay Point,-,-,04848165139942785024
2025/11/19 18:58:25,"2,503",-,-,-,-,-,Payment,餃子の王将 - 餃子の王将　せんげん台店,Credit Mastercard 5298,-,-,04848165139942785024
2025/11/19 18:43:20,"1,218",-,-,-,-,-,Payment,餃子の王将　ネット・モバイル,Credit Mastercard 5298,-,-,04848157366052356096
2025/11/19 18:08:50,-,12,-,-,-,-,"Points, Balance Earned",フジパンストアー,PayPay Point,-,-,04848139584887840770
2025/11/19 18:08:50,648,-,-,-,-,-,Payment,フジパンストアー - パリクロアッサンせんげん台店,Credit Mastercard 5298,-,-,04848139584887840770
2025/11/19 18:06:15,-,80,-,-,-,-,"Points, Balance Earned",ヨークフーズ,PayPay Point,-,-,04848138244857864207
2025/11/19 18:06:15,"4,195",-,-,-,-,-,Payment,ヨークフーズ - ヨークフーズせんげん台店,Credit Mastercard 5298,-,-,04848138244857864207
2025/11/19 17:59:55,110,-,-,-,-,-,Payment,ダイソー - セブンＴせんげん台店,Credit Mastercard 5298,-,-,04848134980683005960
2025/11/19 17:55:26,-,44,-,-,-,-,"Points, Balance Earned",ニトリ,PayPay Point,-,-,04848132669989773315
2025/11/19 17:55:25,"2,289",-,-,-,-,-,Payment,ニトリ - デコホームセブンタウンせんげん台店,Credit Mastercard 5298,-,-,04848132669989773315
2025/11/19 16:01:44,-,196,-,-,-,-,"Points, Balance Earned",ナチュラルサイエンス,PayPay Point,-,-,PPCD_A_2025103009564300923377
2025/11/19 11:35:21,-,20,-,-,-,-,"Points, Balance Earned",まきの,PayPay Point,-,-,04847936776531959810
2025/11/19 11:35:20,"1,100",-,-,-,-,-,Payment,まきの - 天ぷらまきの新宿三井ビル,Credit Mastercard 5298,-,-,04847936776531959810
2025/11/19 08:33:31,-,76,-,-,-,-,"Points, Balance Earned",Yahoo!ショッピング,PayPay Point,-,-,lp-102895974642327552-c_d6b688e9-a831-411a-8a42-70086f483878_sppf
2025/11/19 08:33:31,"7,738",-,-,-,-,-,Payment,Yahoo!ショッピング,"PayPay Point (143yen), Credit Mastercard 5298 (7,595yen)",-,-,04847843060345569281
2025/11/18 23:01:08,"87,745",-,-,-,-,-,Payment,TRIP.COM,PayPay Card Gold Mastercard 5298,One-time Payment,Personal Use,PPCD_A_2025111823010800501988
2025/11/18 23:01:07,"175,490",-,-,-,-,-,Payment,TRIP.COM,PayPay Card Gold Mastercard 5298,One-time Payment,Personal Use,PPCD_A_2025111823010700501964
2025/11/18 03:49:43,-,219,-,-,-,-,"Points, Balance Earned",Yahoo!ショッピング,PayPay Point,-,-,04845456012010512384
2025/11/18 02:43:51,108,-,-,-,-,-,Invested,PayPayポイント運用,PayPay Point,-,-,04846920681759285248
2025/11/18 01:04:32,-,24,-,-,-,-,"Points, Balance Earned",陳麻婆豆腐　新宿野村ビル店／ＮＦＣ,PayPay Point,-,-,PPCD_A_2025111312072700524834
2025/11/18 00:58:31,188,-,-,-,-,-,Invested,PayPayポイント運用,PayPay Point,-,-,04846866393371795457
2025/11/17 15:59:40,-,8,-,-,-,-,"Points, Balance Earned",フジパンストアー,PayPay Point,-,-,04846588663605706759
2025/11/17 15:59:40,437,-,-,-,-,-,Payment,フジパンストアー - パリクロアッサンせんげん台店,Credit Mastercard 5298,-,-,04846588663605706759
2025/11/17 15:57:15,-,28,-,-,-,-,"Points, Balance Earned",ヨークフーズ,PayPay Point,-,-,04846587418065477636
2025/11/17 15:57:15,"1,441",-,-,-,-,-,Payment,ヨークフーズ - ヨークフーズせんげん台店,Credit Mastercard 5298,-,-,04846587418065477636
2025/11/17 12:35:29,-,28,-,-,-,-,"Points, Balance Earned",串焼き。ビストロガブリ,PayPay Point,-,-,04846483428317102082
2025/11/17 12:35:28,"1,595",-,-,-,-,-,Payment,串焼き。ビストロガブリ - 新宿野村ビル店,Credit Mastercard 5298,-,-,04846483428317102082
2025/11/17 11:45:37,980,-,-,-,-,-,Payment,ヤクルト届けてネット（埼玉東部）,PayPay Card Gold Mastercard 5298,One-time Payment,Personal Use,PPCD_A_2025111711453700509972
2025/11/17 10:35:31,"10,000",-,-,-,-,-,Money Sent,ハナノトウ,PayPay Balance,-,-,02135273327214542848
2025/11/17 10:35:13,-,"10,000",-,-,-,-,Top-Up,PayPay,スルガ銀行 *****55,-,-,02135273172595580929
2025/11/17 09:01:57,456,-,-,-,-,-,Invested,PayPayポイント運用,PayPay Point,-,-,04846373374075330564
2025/11/17 00:00:00,90,-,-,-,-,-,Payment,QP/コカコーラジハンキクイ,PayPay Card Gold Mastercard 5298,One-time Payment,Personal Use,PPCD_C_202511220800003348648141
2025/11/16 17:25:04,-,4,-,-,-,-,"Points, Balance Earned",ファミリーマート,PayPay Point,-,-,04845890508082061314
2025/11/16 17:25:04,313,-,-,-,-,-,Payment,ファミリーマート - せんげん台駅前,Credit Mastercard 5298,-,-,04845890508082061314
2025/11/16 15:10:25,-,60,-,-,-,-,"Points, Balance Earned",ラクテンモバイルツウシンリョウ,PayPay Point,-,-,PPCD_A_2025111213055100175746
2025/11/16 15:08:27,-,16,-,-,-,-,"Points, Balance Earned",ヤクルト届けてネット（埼玉東部）,PayPay Point,-,-,PPCD_A_2025111011460800170475
2025/11/16 12:53:10,-,124,-,-,-,-,"Points, Balance Earned",あきんどスシロー,PayPay Point,-,-,04845750371889061892
2025/11/16 12:53:09,"6,220",-,-,-,-,-,Payment,あきんどスシロー - 秋葉原中央通り店,Credit Mastercard 5298,-,-,04845750371889061892
2025/11/16 12:52:49,-,44,-,-,-,-,"Points, Balance Earned",あきんどスシロー,PayPay Point,-,-,04845750191500951555
2025/11/16 12:52:48,"2,300",-,-,-,-,-,Payment,あきんどスシロー - 秋葉原中央通り店,Credit Mastercard 5298,-,-,04845750191500951555
2025/11/16 03:22:02,-,143,-,-,-,-,"Points, Balance Earned",Yahoo!ショッピング,PayPay Point,-,-,lp-102895974642327552-c_ff383c62-c1c1-47ac-9637-6418ee142e28_sppf
2025/11/16 03:22:01,"14,784",-,-,-,-,-,Payment,Yahoo!ショッピング,"PayPay Point (51yen), Credit Mastercard 5298 (14,733yen)",-,-,04845456012010512384
2025/11/15 21:11:00,-,600,-,-,-,JP,Money Received,ハナノトウ,PayPay Balance,-,-,02134116512133144582
2025/11/15 12:29:59,-,8,-,-,-,-,"Points, Balance Earned",オーケー,PayPay Point,-,-,04844996252941164555
2025/11/15 12:29:59,559,-,-,-,-,-,Payment,オーケー - 越谷大泊,Credit Mastercard 5298,-,-,04844996252941164555
2025/11/15 12:16:01,-,144,-,-,-,-,"Points, Balance Earned",焼肉レストラン 安楽亭,PayPay Point,-,-,04844989054576254987
2025/11/15 12:16:01,"7,307",-,-,-,-,-,Payment,焼肉レストラン 安楽亭 - 下間久里店,Credit Mastercard 5298,-,-,04844989054576254987
2025/11/15 00:54:44,292,-,-,-,-,-,Invested,PayPayポイント運用,PayPay Point,-,-,04844637923820134400
2025/11/14 20:25:12,-,36,-,-,-,-,"Points, Balance Earned",ＥＴＣカード売上,PayPay Point,-,-,PPCD_C_202511140700003275252606
2025/11/14 16:53:28,-,32,-,-,-,-,"Points, Balance Earned",富士薬品グループ,PayPay Point,-,-,04844389880868356097
2025/11/14 16:53:27,"1,674",-,-,-,-,-,Payment,富士薬品グループ - ドラッグストアスマイル　せんげん台店,Credit Mastercard 5298,-,-,04844389880868356097
2025/11/14 16:44:54,-,8,-,-,-,-,"Points, Balance Earned",マツモトキヨシ,PayPay Point,-,-,04844385465641836546
2025/11/14 16:44:53,470,-,-,-,-,-,Payment,マツモトキヨシ - マツモトキヨシセブンタウンせんげん台店,Credit Mastercard 5298,-,-,04844385465641836546
2025/11/14 16:35:17,-,4,-,-,-,-,"Points, Balance Earned",ヨークフーズ,PayPay Point,-,-,04844380509249994755
2025/11/14 16:35:17,381,-,-,-,-,-,Payment,ヨークフーズ - ヨークフーズせんげん台店,Credit Mastercard 5298,-,-,04844380509249994755
2025/11/14 16:16:57,-,116,-,-,-,-,"Points, Balance Earned",ジヤパンミートコシガヤテン,PayPay Point,-,-,PPCD_A_2025111011174500060775
2025/11/14 15:39:15,-,36,-,-,-,-,"Points, Balance Earned",エビスバインミーベーカリー,PayPay Point,-,-,04844351629889568770
2025/11/14 15:39:14,"1,880",-,-,-,-,-,Payment,エビスバインミーベーカリー - エビスバインミーベーカリー,Credit Mastercard 5298,-,-,04844351629889568770
2025/11/14 08:17:55,580,-,-,-,-,-,Payment,トブチケ！,PayPay Card Gold Mastercard 5298,One-time Payment,Personal Use,PPCD_A_2025111408175500364957
2025/11/14 01:17:52,188,-,-,-,-,-,Invested,PayPayポイント運用,PayPay Point,-,-,04843907684889993218
2025/11/13 15:48:11,-,100,-,-,-,-,"Points, Balance Earned",ふるさとチョイス,PayPay Point,-,-,04843614072336261120
2025/11/13 15:48:11,"5,000",-,-,-,-,-,Payment,ふるさとチョイス - ふるさと納税サイト「ふるさとチョイス」,Credit Mastercard 5298,-,-,04843614072336261120
2025/11/13 12:41:26,-,20,-,-,-,-,"Points, Balance Earned",スターバックス カード　オンライン入金,PayPay Point,-,-,04843517770579050507
2025/11/13 12:41:21,"1,000",-,-,-,-,-,Payment,スターバックス カード　オンライン入金,Credit Mastercard 5298,-,-,04843517770579050507
2025/11/13 12:07:27,"1,200",-,-,-,-,-,Payment,陳麻婆豆腐　新宿野村ビル店／ＮＦＣ,PayPay Card Gold Mastercard 5298,One-time Payment,Personal Use,PPCD_A_2025111312072700524834
2025/11/13 01:59:35,153,-,-,-,-,-,Invested,PayPayポイント運用,PayPay Point,-,-,04843187015147741184
2025/11/13 01:04:12,468,-,-,-,-,-,Invested,PayPayポイント運用,PayPay Point,-,-,04843158462204919811
2025/11/12 23:08:15,-,600,-,-,-,-,"Points, Balance Earned",東武鉄道定期券（モバイル）,PayPay Point,-,-,PPCD_A_2025110606432500503415
2025/11/12 23:08:04,-,40,-,-,-,-,"Points, Balance Earned",モバイルＰＡＳＭＯチャージ,PayPay Point,-,-,PPCD_A_2025110709460300133521
2025/11/12 22:50:42,-,236,-,-,-,-,"Points, Balance Earned",ジヤパンミートコシガヤテン,PayPay Point,-,-,PPCD_A_2025110809493400886948
2025/11/12 14:04:27,-,12,-,-,-,-,"Points, Balance Earned",日本郵便,PayPay Point,-,-,04842818438234087424
2025/11/12 14:04:27,665,-,-,-,-,-,Payment,日本郵便,Credit Mastercard 5298,-,-,04842818438234087424
2025/11/12 13:53:27,-,8,-,-,-,-,"Points, Balance Earned",日本郵便,PayPay Point,-,-,04842812760287182852
2025/11/12 13:53:26,430,-,-,-,-,-,Payment,日本郵便,Credit Mastercard 5298,-,-,04842812760287182852
2025/11/12 13:05:51,"3,144",-,-,-,-,-,Payment,ラクテンモバイルツウシンリョウ,PayPay Card Gold Mastercard 1473,One-time Payment,Family Use,PPCD_A_2025111213055100175746
2025/11/12 11:53:44,-,20,-,-,-,-,"Points, Balance Earned",ロイヤルフードサービス,PayPay Point,-,-,04842751067377393670
2025/11/12 11:53:44,"1,023",-,-,-,-,-,Payment,ロイヤルフードサービス - ロイヤルホスト新宿三井ビル店,Credit Mastercard 5298,-,-,04842751067377393670
2025/11/12 09:53:23,90,-,-,-,-,-,Payment,自動販売機 QRde決済 - コカ・コーラボトラーズジャパン自販機,Credit Mastercard 5298,-,-,04842689039459647492
2025/11/12 02:33:01,"10,677",-,-,-,-,-,Invested,PayPayポイント運用,PayPay Point,-,-,04842462076207595520
2025/11/12 01:20:32,-,59,-,-,-,-,"Points, Balance Earned",Yahoo!ショッピング,PayPay Point,-,-,04840632256929439747
2025/11/11 21:48:56,-,28,-,-,-,-,"Points, Balance Earned",APPLE COM BILL,PayPay Point,-,-,PPCD_A_2025110815072900193204
2025/11/11 21:42:34,-,56,-,-,-,-,"Points, Balance Earned",Google,PayPay Point,-,-,PPCD_A_2025110510330000441200
2025/11/11 19:11:00,-,84,-,-,-,-,"Points, Balance Earned",焼肉レストラン 安楽亭,PayPay Point,-,-,04842234253962829833
2025/11/11 19:11:00,"4,347",-,-,-,-,-,Payment,焼肉レストラン 安楽亭 - 下間久里店,Credit Mastercard 5298,-,-,04842234253962829833
2025/11/11 18:05:57,-,60,-,-,-,-,"Points, Balance Earned",三鷹の森ジブリ美術館オンラインショップ,PayPay Point,-,-,04839341584897761284
2025/11/11 12:22:44,-,88,-,-,-,-,"Points, Balance Earned",P4,PayPay Point,-,-,04842023834924900358
2025/11/11 12:22:44,"4,560",-,-,-,-,-,Payment,P4 - バインセオサイゴン新宿,Credit Mastercard 5298,-,-,04842023834924900358
2025/11/11 08:05:03,-,"10,609",-,-,-,-,"Points, Balance Earned",PayPayポイント運用,PayPay Point,-,-,214669354616520704-2949007616
2025/11/11 04:22:00,"6,105",-,-,-,-,-,Invested,PayPayポイント運用,PayPay Point,-,-,04841776075441627136
2025/11/10 17:44:45,-,68,-,-,-,-,"Points, Balance Earned",富士薬品グループ,PayPay Point,-,-,04841447622111903751
2025/11/10 17:44:44,"3,596",-,-,-,-,-,Payment,富士薬品グループ - ドラッグストアスマイル　せんげん台店,Credit Mastercard 5298,-,-,04841447622111903751
2025/11/10 16:22:58,-,40,-,-,-,-,"Points, Balance Earned",モバイルＰＡＳＭＯチャージ,PayPay Point,-,-,PPCD_A_2025110509080100216523
2025/11/10 11:46:08,980,-,-,-,-,-,Payment,ヤクルト届けてネット（埼玉東部）,PayPay Card Gold Mastercard 5298,One-time Payment,Personal Use,PPCD_A_2025111011460800170475
2025/11/10 11:17:45,"5,870",-,-,-,-,-,Payment,ジヤパンミートコシガヤテン,PayPay Card Gold Mastercard 5298,One-time Payment,Personal Use,PPCD_A_2025111011174500060775
2025/11/10 09:41:32,-,12,-,-,-,-,"Points, Balance Earned",越谷市役所,PayPay Point,-,-,04841198591317917696
2025/11/10 09:41:32,600,-,-,-,-,-,Payment,越谷市役所 - 越谷市役所　市民税課,Credit Mastercard 5298,-,-,04841198591317917696
2025/11/09 15:22:43,-,51,-,-,-,-,"Points, Balance Earned",Yahoo!ショッピング,PayPay Point,-,-,lp-102895974642327552-c_5ec3a327-f411-433c-be3b-58722884f979_sppf
2025/11/09 15:22:43,"5,409",-,-,-,-,-,Payment,Yahoo!ショッピング,"PayPay Point (3,872yen), Credit Mastercard 5298 (1,537yen)",-,-,04840632256929439747
2025/11/09 15:12:21,-,16,-,-,-,-,"Points, Balance Earned",ヤクルト届けてネット（埼玉東部）,PayPay Point,-,-,PPCD_A_2025110311431600166675
2025/11/08 15:37:16,-,20,-,-,-,-,"Points, Balance Earned",スターバックス コーヒー,PayPay Point,-,-,PPCD_A_2025110216184300168387
2025/11/08 15:30:56,-,228,-,-,-,-,"Points, Balance Earned",APPLE COM BILL,PayPay Point,-,-,PPCD_A_2025110603482800324893
2025/11/08 15:07:29,"1,500",-,-,-,-,-,Payment,APPLE COM BILL,PayPay Card Gold Mastercard 5298,One-time Payment,Personal Use,PPCD_A_2025110815072900193204
2025/11/08 10:06:36,-,28,-,-,-,-,"Points, Balance Earned",オーケー,PayPay Point,-,-,04839727161292341249
2025/11/08 10:06:35,"1,524",-,-,-,-,-,Payment,オーケー - 越谷大泊,Credit Mastercard 5298,-,-,04839727161292341249
2025/11/08 09:49:34,"11,846",-,-,-,-,-,Payment,ジヤパンミートコシガヤテン,PayPay Card Gold Mastercard 5298,One-time Payment,Personal Use,PPCD_A_2025110809493400886948
2025/11/08 09:30:04,-,8,-,-,-,-,"Points, Balance Earned",セリア,PayPay Point,-,-,04839708332154855427
2025/11/08 09:30:04,550,-,-,-,-,-,Payment,セリア - 2386ジャパンミート越谷店,Credit Mastercard 5298,-,-,04839708332154855427
2025/11/08 04:00:09,-,"3,150",-,-,-,-,"Points, Balance Earned",Yahoo!ショッピング,PayPay Point,-,-,lp-102895974642327552-c_fe49360d-5826-459f-b5df-e829677d6dc6_7012375300599045174527760
2025/11/08 02:39:31,-,140,-,-,-,-,"Points, Balance Earned",Yahoo!ショッピング,PayPay Point,-,-,lp-102895974642327552-c_8ba31f5c-183a-4bef-a725-7af6956e6cb0_6061294397602115179069393
2025/11/07 21:38:29,"3,025",-,-,-,-,-,Payment,三鷹の森ジブリ美術館オンラインショップ,Credit Mastercard 5298,-,-,04839341584897761284
2025/11/07 17:25:27,-,16,-,-,-,-,"Points, Balance Earned",ビッグエー6220せんげん台駅東口,PayPay Point,-,-,04839211172511014913
2025/11/07 17:25:27,859,-,-,-,-,-,Payment,ビッグエー6220せんげん台駅東口,Credit Mastercard 5298,-,-,04839211172511014913
2025/11/07 15:45:23,-,92,-,-,-,-,"Points, Balance Earned",オーケー コシガヤオオドマリテン,PayPay Point,-,-,PPCD_A_2025110310282300354768
2025/11/07 13:30:30,-,4,-,-,-,-,"Points, Balance Earned",ファミリーマート,PayPay Point,-,-,04839090080203235331
2025/11/07 13:30:29,292,-,-,-,-,-,Payment,ファミリーマート - ファミマ新宿三井ビル,Credit Mastercard 5298,-,-,04839090080203235331
2025/11/07 09:46:03,"2,000",-,-,-,-,-,Payment,モバイルＰＡＳＭＯチャージ,PayPay Card Gold Mastercard 5298,One-time Payment,Personal Use,PPCD_A_2025110709460300133521
2025/11/07 07:03:16,"100,000",-,-,-,-,-,Bank Transfer,PayPay銀行 *****87,PayPay Balance,-,-,02127742222319468544
2025/11/07 02:57:14,232,-,-,-,-,-,Invested,PayPayポイント運用,PayPay Point,-,-,04838763697048240129
2025/11/07 01:01:05,-,"39,785",-,-,-,-,Top-Up,PayPay,PayPay資産運用,-,-,02127555554451267588
2025/11/07 00:55:48,-,"59,765",-,-,-,-,Top-Up,PayPay,PayPay資産運用,-,-,02127552831442051072
2025/11/06 21:28:58,-,84,-,-,-,-,"Points, Balance Earned",Yahoo!ショッピング,PayPay Point,-,-,04837837049263890433
2025/11/06 13:47:09,"1,500",-,-,-,-,-,Payment,スクンビットソイ55 - スクンビットソイ55,Credit Mastercard 5298,-,-,04838356491198644229
2025/11/06 13:47:09,-,28,-,-,-,-,"Points, Balance Earned",スクンビットソイ55,PayPay Point,-,-,04838356491198644229
2025/11/06 06:43:25,"30,160",-,-,-,-,-,Payment,東武鉄道定期券（モバイル）,PayPay Card Gold Mastercard 5298,One-time Payment,Personal Use,PPCD_A_2025110606432500503415
2025/11/06 03:48:28,"11,400",-,-,-,-,-,Payment,APPLE COM BILL,PayPay Card Gold Mastercard 5298,One-time Payment,Personal Use,PPCD_A_2025110603482800324893
2025/11/06 01:14:53,-,490,-,-,-,-,"Points, Balance Earned",Yahoo!ショッピング,PayPay Point,-,-,lp-102895974642327552-c_51a6574f-1ac6-4814-996d-c9124e187bd8_sppf
2025/11/05 20:59:18,-,92,-,-,-,-,"Points, Balance Earned",Yahoo!ショッピング,PayPay Point,-,-,lp-102895974642327552-c_a2eb08a8-71e1-4b61-a62a-0becbf4d3579_sppf
2025/11/05 20:59:17,"8,591",-,-,-,-,-,Payment,Yahoo!ショッピング,"PayPay Point (5,638yen), PayPay Balance (2,953yen)",-,-,04837837049263890433
2025/11/05 20:57:49,-,"1,000",-,-,-,-,Top-Up,PayPay,スルガ銀行 *****55,-,-,02126688005416755224
2025/11/05 20:56:34,-,"5,443",-,-,-,-,"Points, Balance Earned",PayPayポイント運用,PayPay Point,-,-,214669354616520704-2934922342
2025/11/05 17:53:55,-,4,-,-,-,-,"Points, Balance Earned",富士薬品グループ,PayPay Point,-,-,04837741503421636611
2025/11/05 17:53:54,321,-,-,-,-,-,Payment,富士薬品グループ - ドラッグセイムス　せんげん台店,Credit Mastercard 5298,-,-,04837741503421636611
2025/11/05 17:10:47,140,-,-,-,-,-,Payment,ジハンピ,Credit Mastercard 5298,-,-,04837719272671166467
2025/11/05 14:39:10,-,"1,400",-,-,-,JP,Money Received,Dung Bui,PayPay Balance,-,-,02126492859283054592
2025/11/05 14:03:30,-,"1,400",-,-,-,JP,Money Received,Ando,PayPay Balance,-,-,02126474468232241153
2025/11/05 11:49:14,-,12,-,-,-,-,"Points, Balance Earned",ファミリーマート,PayPay Point,-,-,04837553555652591619
2025/11/05 11:49:14,638,-,-,-,-,-,Payment,ファミリーマート - ファミマ新宿三井ビル,Credit Mastercard 5298,-,-,04837553555652591619
2025/11/05 10:33:00,"2,900",-,-,-,-,-,Payment,Google - GOOGLE GOOGLE ONE,PayPay Card Gold Mastercard 5298,One-time Payment,Personal Use,PPCD_A_2025110510330000441200
2025/11/05 09:08:01,"2,000",-,-,-,-,-,Payment,モバイルＰＡＳＭＯチャージ,PayPay Card Gold Mastercard 5298,One-time Payment,Personal Use,PPCD_A_2025110509080100216523
2025/11/05 01:10:30,224,-,-,-,-,-,Invested,PayPayポイント運用,PayPay Point,-,-,04837224354998894594
2025/11/04 20:09:10,"10,000",-,-,-,-,-,Money Sent,ハナノトウ,PayPay Balance,-,-,02125920761048440845
2025/11/04 20:08:56,-,"7,800",-,-,-,-,Top-Up,PayPay,スルガ銀行 *****55,-,-,02125920640789692429
2025/11/04 16:22:32,-,68,-,-,-,-,"Points, Balance Earned",セイワミルク,PayPay Point,-,-,PPCD_A_2025103112381100126658
2025/11/04 16:02:44,"1,393",-,-,-,-,-,Payment,ルミネ新宿 - ルミネ新宿店,Credit Mastercard 5298,-,-,04836942029618249739
2025/11/04 12:10:39,800,-,-,-,-,-,Money Sent,080******10,PayPay Balance,-,-,02125674144026337280
2025/11/04 12:10:36,-,"3,000",-,-,-,-,Top-Up,PayPay,スルガ銀行 *****55,-,-,02125674118256984066
2025/11/04 02:58:02,176,-,-,-,-,-,Invested,PayPayポイント運用,PayPay Point,-,-,04836537598318075906
2025/11/04 00:00:00,70,-,-,-,-,-,Payment,QP/コカコーラジハンキクイ,PayPay Card Gold Mastercard 5298,One-time Payment,Personal Use,PPCD_C_202511100800003223050100
2025/11/03 16:42:10,4,-,-,-,-,-,Invested,PayPayポイント運用,PayPay Point,-,-,04836220191644786688
2025/11/03 15:20:31,-,24,-,-,-,-,"Points, Balance Earned",DIGITALOCEAN.COM,PayPay Point,-,-,PPCD_A_2025110113160400109006
2025/11/03 11:43:16,980,-,-,-,-,-,Payment,ヤクルト届けてネット（埼玉東部）,PayPay Card Gold Mastercard 5298,One-time Payment,Personal Use,PPCD_A_2025110311431600166675
2025/11/03 10:28:23,"4,728",-,-,-,-,-,Payment,オーケー コシガヤオオドマリテン,PayPay Card Gold Mastercard 5298,One-time Payment,Personal Use,PPCD_A_2025110310282300354768
2025/11/03 02:37:57,278,-,-,-,-,-,Invested,PayPayポイント運用,PayPay Point,-,-,04835785077097078785
2025/11/02 16:18:43,"1,000",-,-,-,-,-,Payment,スターバックス コーヒー - スターバックス　コーヒー　ジャパン／ＡＰ,PayPay Card Gold Mastercard 5298,One-time Payment,Personal Use,PPCD_A_2025110216184300168387
2025/11/02 16:08:45,-,20,-,-,-,-,"Points, Balance Earned",NEXCO中日本　SAPA,PayPay Point,-,-,04835460798476804097
2025/11/02 16:08:45,"1,190",-,-,-,-,-,Payment,NEXCO中日本　SAPA - 箱根ベーカリーセレクト海老名ＳＡ上り,Credit Mastercard 5298,-,-,04835460798476804097
2025/11/02 15:08:04,-,76,-,-,-,-,"Points, Balance Earned",APPLE COM BILL,PayPay Point,-,-,PPCD_A_2025103010465100540432
2025/11/02 15:05:28,-,100,-,-,-,-,"Points, Balance Earned",モバイルＰＡＳＭＯチャージ,PayPay Point,-,-,PPCD_A_2025102817072600074630
2025/11/02 14:55:13,-,16,-,-,-,-,"Points, Balance Earned",ヤクルト届けてネット（埼玉東部）,PayPay Point,-,-,PPCD_A_2025102711452200356419
2025/11/02 14:53:17,164,-,-,-,-,-,"Points, Balance Removed",-,PayPay Point,-,-,04835421035669315591
2025/11/02 14:53:17,-,"8,067",-,-,-,-,Refund,apollostation - セルフ御殿場IC前SS,Credit Mastercard 5298,-,-,04835421035669315591
2025/11/02 14:51:37,-,300,-,-,-,-,"Points, Balance Earned",apollostation,PayPay Point,-,-,04835421035669315591
2025/11/02 14:51:37,"15,000",-,-,-,-,-,Payment,apollostation - セルフ御殿場IC前SS,Credit Mastercard 5298,-,-,04835421035669315591
2025/11/02 02:30:12,60,-,-,-,-,-,Invested,PayPayポイント運用,PayPay Point,-,-,04835038912428965889
2025/11/02 00:00:00,"2,620",-,-,-,-,-,Payment,ＥＴＣカード売上,PayPay Card Gold Mastercard 9092,One-time Payment,Personal Use,PPCD_C_202511290700003394538795
2025/11/02 00:00:00,"1,430",-,-,-,-,-,Payment,ＥＴＣカード売上,PayPay Card Gold Mastercard 9092,One-time Payment,Personal Use,PPCD_C_202511290700003394538790
2025/11/02 00:00:00,320,-,-,-,-,-,Payment,ＥＴＣカード売上,PayPay Card Gold Mastercard 9092,One-time Payment,Personal Use,PPCD_C_202511290700003394538791
2025/11/01 15:30:08,-,60,-,-,-,-,"Points, Balance Earned",ゴンチャ,PayPay Point,-,-,04834698725249163265
2025/11/01 15:30:08,"3,150",-,-,-,-,-,Payment,ゴンチャ,Credit Mastercard 5298,-,-,04834698725249163265
2025/11/01 15:02:12,-,88,-,-,-,-,"Points, Balance Earned",御殿場プレミアムアウトレット,PayPay Point,-,-,04834684328519262208
2025/11/01 15:02:12,"4,452",-,-,-,-,-,Payment,御殿場プレミアムアウトレット - MEZZO　PIANO,Credit Mastercard 5298,-,-,04834684328519262208
2025/11/01 13:30:27,-,44,-,-,-,-,"Points, Balance Earned",クリエイトレストランツホールディングス,PayPay Point,-,-,04834637040929234944
2025/11/01 13:30:27,"2,266",-,-,-,-,-,Payment,クリエイトレストランツホールディングス - フードバザー　御殿場,Credit Mastercard 5298,-,-,04834637040929234944
2025/11/01 13:28:01,-,28,-,-,-,-,"Points, Balance Earned",クリエイトレストランツホールディングス,PayPay Point,-,-,04834635778208456708
2025/11/01 13:28:00,"1,430",-,-,-,-,-,Payment,クリエイトレストランツホールディングス - フードバザー　御殿場,Credit Mastercard 5298,-,-,04834635778208456708
2025/11/01 13:16:04,"1,270",-,7.92,USD,160.35400000,NL,Payment,DIGITALOCEAN.COM,PayPay Card Gold Mastercard 5298,One-time Payment,Personal Use,PPCD_A_2025110113160400109006
2025/11/01 10:17:36,-,4,-,-,-,-,"Points, Balance Earned",NEXCO中日本　SAPA,PayPay Point,-,-,04834537638206611457
2025/11/01 10:17:36,380,-,-,-,-,-,Payment,NEXCO中日本　SAPA - テイク　港北ＰＡ下り,Credit Mastercard 5298,-,-,04834537638206611457
2025/11/01 10:11:38,-,4,-,-,-,-,"Points, Balance Earned",IJOOZ,PayPay Point,-,-,04834534563009953794
2025/11/01 10:11:38,350,-,-,-,-,-,Payment,IJOOZ - IJOOZ,Credit Mastercard 5298,-,-,04834534563009953794
2025/11/01 10:09:45,-,28,-,-,-,-,"Points, Balance Earned",ファミリーマート,PayPay Point,-,-,04834533592347156482
2025/11/01 10:09:44,"1,497",-,-,-,-,-,Payment,ファミリーマート - 港北ＰＡ下り,Credit Mastercard 5298,-,-,04834533592347156482
2025/11/01 10:00:53,-,8,-,-,-,-,"Points, Balance Earned",ファミリーマート,PayPay Point,-,-,04834529031091740672
2025/11/01 10:00:53,413,-,-,-,-,-,Payment,ファミリーマート - 港北ＰＡ下り,Credit Mastercard 5298,-,-,04834529031091740672
2025/11/01 02:28:03,-,45,-,-,-,-,"Points, Balance Earned",Yahoo!ショッピング,PayPay Point,-,-,lp-102895974642327552-c_77c512fb-7155-4ba4-8dd0-453cc5e3676c_7062986176592752175673256
2025/11/01 00:53:25,120,-,-,-,-,-,Invested,PayPayポイント運用,PayPay Point,-,-,04834246868919992321
2025/11/01 00:00:00,370,-,-,-,-,-,Payment,ＥＴＣカード売上,PayPay Card Gold Mastercard 9092,One-time Payment,Personal Use,PPCD_C_202511290700003394538794
2025/11/01 00:00:00,"1,300",-,-,-,-,-,Payment,ＥＴＣカード売上,PayPay Card Gold Mastercard 9092,One-time Payment,Personal Use,PPCD_C_202511290700003394538792
2025/11/01 00:00:00,"1,320",-,-,-,-,-,Payment,ＥＴＣカード売上,PayPay Card Gold Mastercard 9092,One-time Payment,Personal Use,PPCD_C_202511290700003394538789
2025/11/01 00:00:00,370,-,-,-,-,-,Payment,ＥＴＣカード売上,PayPay Card Gold Mastercard 9092,One-time Payment,Personal Use,PPCD_C_202511290700003394538793